<?xml version="1.0" encoding="UTF-8"?>
<!DOCTYPE sqlMap PUBLIC "-//iBATIS.com//DTD SQL Map 2.0//EN" "http://ibatis.apache.org/dtd/sql-map-2.dtd">
<sqlMap namespace="bsc.level.adjustRate">

	<!--
	==================================================================   
	  # 설명	: typeAlias 선언
	  #	기능	: SETTING
	  #	TABLE	: BSC_LEVEL_ADJUST_RATE
	==================================================================
	-->
	<typeAlias alias="hashMap" 			type="java.util.HashMap" />
	 
	<!--
	==================================================================   
	  # 설명	: 난이도등급(메인)
	  #	기능	: SELECT
	  #	TABLE	: BSC_LEVEL_ITEM_GRP
	==================================================================
	-->
	<select id="getFirstGradeId" parameterClass="hashMap" resultClass="java.lang.String">
		SELECT ITEM_GRP_ID
		FROM (
		    SELECT ROWNUM RN, ITEM_GRP_ID, ITEM_GRP_NM
		    FROM 
		    (
		        SELECT ITEM_GRP_ID, ITEM_GRP_NM 
		          FROM BSC_LEVEL_ITEM_GRP
		         WHERE YEAR = #findYear#
		         ORDER BY SORT_ORDER 
		    )
		)
		WHERE RN = 1
	</select>
	
	<!--
	==================================================================   
	  # 설명	: 난이도등급(서브)
	  #	기능	: SELECT
	  #	TABLE	: BSC_LEVEL_ITEM_GRP
	==================================================================
	-->
	<select id="getSecondGradeId" parameterClass="hashMap" resultClass="java.lang.String">
		SELECT ITEM_GRP_ID
		FROM (
		    SELECT ROWNUM RN, ITEM_GRP_ID, ITEM_GRP_NM
		    FROM 
		    (
		        SELECT ITEM_GRP_ID, ITEM_GRP_NM 
		          FROM BSC_LEVEL_ITEM_GRP
		         WHERE YEAR = #findYear#
		         ORDER BY SORT_ORDER 
		    )
		)
		WHERE RN = 2		
	</select>
	
		<!--
	==================================================================   
	  # 설명	: 난이도등급(서브명)
	  #	기능	: SELECT
	  #	TABLE	: BSC_LEVEL_ITEM_GRP
	==================================================================
	-->
	<select id="getSecondGradeNm" parameterClass="hashMap" resultClass="java.lang.String">
		SELECT ITEM_GRP_NM
		FROM (
		    SELECT ROWNUM RN, ITEM_GRP_ID, ITEM_GRP_NM
		    FROM 
		    (
		        SELECT ITEM_GRP_ID, ITEM_GRP_NM 
		          FROM BSC_LEVEL_ITEM_GRP
		         WHERE YEAR = #findYear#
		         ORDER BY SORT_ORDER 
		    )
		)
		WHERE RN = 2		
	</select>

	<!--
	==================================================================   
	  # 설명	: 난이도등급 목록 보기
	  #	기능	: SELECT
	  #	TABLE	: BSC_LEVEL_GRADE
	==================================================================
	-->
	<select id="getGradeList" parameterClass="hashMap" resultClass="hashMap">
		SELECT GRADE
             , GRADE_NM
	  	  FROM BSC_LEVEL_GRADE
		 WHERE YEAR = #findYear#
		 ORDER BY SORT_ORDER
	</select>

	<!--
	==================================================================   
	  # 설명	: 난이도 조정계수 목록 보기
	  #	기능	: SELECT
	  #	TABLE	: BSC_LEVEL_ADJUST_RATE
	==================================================================
	-->
	<select id="getList" parameterClass="hashMap" resultClass="hashMap" remapResults="true">
		SELECT A.YEAR
	         , A.ITEM_GRP_ID
	         , A.ITEM_GRP_NM 
	         , B.GRADE  
	         ,
	         <iterate property="gradeArr" conjunction=",">
		     	 MAX(CASE WHEN C.GRADE = '$gradeArr[]$' THEN D.ADJUST_RATE END)  $gradeArr[]$
		     </iterate>
	         , B.SORT_ORDER
	         , COUNT(A.ITEM_GRP_ID) OVER(PARTITION BY A.YEAR, A.ITEM_GRP_ID ORDER BY A.ITEM_GRP_ID) AS GROUP_CNT
             , ROW_NUMBER() OVER(PARTITION BY A.YEAR, A.ITEM_GRP_ID ORDER BY B.SORT_ORDER) AS GROUP_INDEX
		FROM BSC_LEVEL_ITEM_GRP A
		     LEFT OUTER JOIN BSC_LEVEL_GRADE B ON A.YEAR = B.YEAR
		     LEFT OUTER JOIN BSC_LEVEL_GRADE C ON A.YEAR = C.YEAR  
		     LEFT OUTER JOIN BSC_LEVEL_ADJUST_RATE D 
		                ON A.YEAR = D.YEAR
		                AND D.ITEM_GRP_ID = A.ITEM_GRP_ID
		                AND D.MATCH_ITEM_GRP_ID = #secondGradeId#
		                AND B.GRADE = D.GRADE
		                AND C.GRADE = D.MATCH_GRADE 
		WHERE A.YEAR =  '$findYear$' 
		  AND A.ITEM_GRP_ID = '$firstGradeId$'
		   
			<isNotEmpty prepend="AND" property="grade">
	            B.GRADE = #grade#
		   	</isNotEmpty>
		   	 
		  AND A.DELETE_DT IS NULL
		GROUP BY A.YEAR, A.ITEM_GRP_ID, A.ITEM_GRP_NM, B.GRADE, B.SORT_ORDER
		ORDER BY B.SORT_ORDER ASC
	</select>
	
	
	<!--
	==================================================================   
	  # 설명	: 난이도 조정계수 상세 보기
	  #	기능	: SELECT
	  #	TABLE	: BSC_LEVEL_ADJUST_RATE
	==================================================================
	-->
	<select id="getDetail" parameterClass="hashMap" resultClass="hashMap">
		SELECT YEAR                  
			 , ITEM_GRP_ID           
			 , GRADE                 
			 , MATCH_ITEM_GRP_ID     
			 , MATCH_GRADE           
			 , ADJUST_RATE           
		  FROM BSC_LEVEL_ADJUST_RATE 
		 WHERE 1 = 1 
		   AND YEAR = #year#
		   AND ITEM_GRP_ID = #itemGrpId#
		   AND GRADE = #grade#
		   AND MATCH_ITEM_GRP_ID = #matchItemGrpId#
		   AND MATCH_GRADE = #matchGrade#	      
	</select>
		
	<!--
	==================================================================   
	  # 설명	: 난이도 조정계수 삭제
	  #	기능	: DELETE
	  #	TABLE	: BSC_LEVEL_ADJUST_RATE
	==================================================================
	-->	
	<update id="deleteGradeData" parameterClass="hashMap">
		DELETE FROM BSC_LEVEL_ADJUST_RATE
		 WHERE YEAR = #year#
	       AND ITEM_GRP_ID = #itemGrpId#
	       AND GRADE = #grade#
	</update>	
	
	<!--
	==================================================================   
	  # 설명	: 난이도 조정계수 등록
	  #	기능	: INSERT
	  #	TABLE	: BSC_LEVEL_ADJUST_RATE
	==================================================================
	-->	
	<insert id="insertData" parameterClass="hashMap">
		INSERT INTO BSC_LEVEL_ADJUST_RATE ( 
			   YEAR
			 , ITEM_GRP_ID
			 , GRADE
			 , MATCH_ITEM_GRP_ID
			 , MATCH_GRADE
			 , ADJUST_RATE
			 , CREATE_DT
			 ) VALUES ( 
			   #year#
			 , #itemGrpId#
			 , #grade#
			 , #matchItemGrpId#
			 , #matchGrade#
			 , #adjustRate#
			 , SYSDATE
			 )
	</insert>	

	<!--
	==================================================================   
	  # 설명	: 난이도 조정계수 삭제
	  #	기능	: UPDATE
	  #	TABLE	: BSC_LEVEL_ADJUST_RATE
	==================================================================
	-->	
	<update id="deleteData" parameterClass="hashMap">
		DELETE FROM BSC_LEVEL_ADJUST_RATE 
		 WHERE 1 = 1 
		   AND YEAR = #year#
		   AND ITEM_GRP_ID = #itemGrpId#
		   AND GRADE = #grade#
	</update>
	
	
</sqlMap>


