<?xml version="1.0" encoding="UTF-8"?>
<!DOCTYPE sqlMap PUBLIC "-//iBATIS.com//DTD SQL Map 2.0//EN" "http://ibatis.apache.org/dtd/sql-map-2.dtd">
<sqlMap namespace="bsc.level.gradeConvert">

	<!--
	==================================================================   
	  # 설명	: typeAlias 선언
	  #	기능	: SETTING
	  #	TABLE	: BSC_LEVEL_GRADE_CONVERT
	==================================================================
	-->
	<typeAlias alias="hashMap" 			type="java.util.HashMap" />
	 
	<!--
	==================================================================   
	  # 설명	: 난이도등급 목록 보기
	  #	기능	: SELECT
	  #	TABLE	: BSC_LEVEL_GRADE
	==================================================================
	-->
	<select id="getGradeList" parameterClass="hashMap" resultClass="hashMap">
		SELECT GRADE
             , GRADE_NM
             , 'MIN_'||GRADE MIN_COL
             , 'MAX_'||GRADE MAX_COL
	  	  FROM BSC_LEVEL_GRADE
		 WHERE YEAR = #findYear#
		 ORDER BY SORT_ORDER
	</select>

	<!--
	==================================================================   
	  # 설명	: 난이도등급점수 목록 보기
	  #	기능	: SELECT
	  #	TABLE	: BSC_LEVEL_GRADE_CONVERT
	==================================================================
	-->
	<select id="getList" parameterClass="hashMap" resultClass="hashMap" remapResults="true">
		SELECT A.YEAR
             , A.ITEM_GRP_ID
             , A.ITEM_GRP_NM
             
             ,
             <iterate property="gradeArr" conjunction=",">
		     	 MAX(CASE WHEN B.GRADE = '$gradeArr[]$' THEN MAX_VALUE END) MAX_$gradeArr[]$
		     </iterate>
		     ,
		     <iterate property="gradeArr" conjunction=",">
		     	 MAX(CASE WHEN B.GRADE = '$gradeArr[]$' THEN MIN_VALUE END) MIN_$gradeArr[]$
		     </iterate>
		     
		FROM BSC_LEVEL_ITEM_GRP A 
		         LEFT OUTER JOIN BSC_LEVEL_GRADE_CONVERT B 
		              ON A.YEAR = B.YEAR 
		              AND A.ITEM_GRP_ID = B.ITEM_GRP_ID
		         LEFT OUTER JOIN (SELECT YEAR, GRADE, GRADE_NM
		                            FROM BSC_LEVEL_GRADE
		                           WHERE YEAR = #findYear#) C 
                      ON B.YEAR = C.YEAR
		              AND B.GRADE = C.GRADE
		WHERE A.YEAR = #findYear#
		    AND A.DELETE_DT IS NULL
		GROUP BY A.YEAR, A.ITEM_GRP_ID, A.ITEM_GRP_NM, A.SORT_ORDER   
		ORDER BY A.SORT_ORDER 
	</select>
	
	<!--
	==================================================================   
	  # 설명	: 난이도등급점수 상세 보기
	  #	기능	: SELECT
	  #	TABLE	: BSC_LEVEL_GRADE_CONVERT
	==================================================================
	-->
	<select id="getDetail" parameterClass="hashMap" resultClass="hashMap">
		SELECT A.YEAR
	         , A.GRADE
	         , A.GRADE_NM
	         , B.MAX_VALUE
	         , B.MIN_VALUE
		  FROM BSC_LEVEL_GRADE A
	           LEFT OUTER JOIN BSC_LEVEL_GRADE_CONVERT B 
	                      ON A.YEAR = B.YEAR
	                      AND A.GRADE = B.GRADE
	                      AND B.ITEM_GRP_ID = #itemGrpId# 
	     WHERE A.YEAR = #year#
	     ORDER BY A.SORT_ORDER
	</select>
	
	<!--
	==================================================================   
	  # 설명	: 난이도등급점수 등록
	  #	기능	: INSERT
	  #	TABLE	: BSC_LEVEL_GRADE_CONVERT
	==================================================================
	-->	
	<insert id="insertData" parameterClass="hashMap">
		INSERT INTO BSC_LEVEL_GRADE_CONVERT ( 
			   YEAR
			 , GRADE
			 , ITEM_GRP_ID
			 , MAX_VALUE
			 , MIN_VALUE
			 , CREATE_DT
			 ) VALUES ( 
			   #year#
			 , #grade#
			 , #itemGrpId#
			 , #maxValue#
			 , #minValue#
			 , SYSDATE
			 )
	</insert>	
	
	<!--
	==================================================================   
	  # 설명	: 난이도등급점수 수정
	  #	기능	: UPDATE
	  #	TABLE	: BSC_LEVEL_GRADE_CONVERT
	==================================================================
	-->	
	<update id="updateData" parameterClass="hashMap">
		UPDATE BSC_LEVEL_GRADE_CONVERT 
		   SET MAX_VALUE              = #maxValue# 
			 , MIN_VALUE              = #minValue# 
			 , MODIFY_DT              = SYSDATE 
		 WHERE 1 = 1 
		   AND YEAR = #year#
		   AND GRADE = #grade#
		   AND ITEM_GRP_ID = #itemGrpId#		
	</update>	
	

	<!--
	==================================================================   
	  # 설명	: 난이도등급점수 삭제
	  #	기능	: UPDATE
	  #	TABLE	: BSC_LEVEL_GRADE_CONVERT
	==================================================================
	-->	
	<update id="deleteData" parameterClass="hashMap">
		DELETE FROM BSC_LEVEL_GRADE_CONVERT 
		 WHERE 1 = 1 
		   AND YEAR = #year#
		   AND ITEM_GRP_ID = #itemGrpId#
	</update>
	
	
</sqlMap>


