<?xml version="1.0" encoding="UTF-8"?>
<!DOCTYPE sqlMap PUBLIC "-//iBATIS.com//DTD SQL Map 2.0//EN" "http://ibatis.apache.org/dtd/sql-map-2.dtd">
<sqlMap namespace="bsc.base.calType">

	<!--
	==================================================================   
	  # 설명	: typeAlias 선언
	  #	기능	: SETTING
	  #	TABLE	: 
	==================================================================
	-->
	<typeAlias alias="hashMap" 			type="java.util.HashMap" />
	

	<!--
	==================================================================   
	  # 설명	: KPI득점산식 목록 보기
	  #	기능	: SELECT
	  #	TABLE	: BSC_CAL_TYPE
	==================================================================
	-->
	<select id="getList" parameterClass="hashMap" resultClass="hashMap">
		SELECT  CAL_TYPE_ID
         	  , CAL_TYPE_NM
         	  , CAL_TYPE_GUBUN
         	  , FUNCTION_GUBUN
         	  , FUNC_CAL_TYPE_ID
         	  , CAL_TYPE
         	  , DENOMINATOR
         	  , CONTENT                    
              , (SELECT COUNT(T1.METRIC_ID) 
                     FROM BSC_METRIC  T1
                              INNER JOIN BSC_SC_DEPT T2 ON T1.YEAR = T2.YEAR AND T1.SC_DEPT_ID = T2.SC_DEPT_ID AND T2.DELETE_DT IS NULL
                    WHERE T1.DELETE_DT IS NULL 
                      AND T1.SCORE_CAL_TYPE_ID = A.CAL_TYPE_ID
                      AND ROWNUM = 1) AS CNT        
  		   FROM BSC_CAL_TYPE     A        
 		  WHERE A.CAL_TYPE_GUBUN = '01'
		<dynamic>
			<isEqual prepend="AND" property="findUseYn" compareValue="N">
            	A.DELETE_DT IS NOT NULL
		    </isEqual>
		    
		    <isNotEqual prepend="AND" property="findUseYn" compareValue="N">
            	A.DELETE_DT IS NULL
		    </isNotEqual>
		</dynamic> 
		  ORDER BY A.CAL_TYPE_ID  
	</select>
	
	<!--
	==================================================================   
	  # 설명	: KPI득점산식 상세 보기
	  #	기능	: SELECT
	  #	TABLE	: BSC_CAL_TYPE
	==================================================================
	-->
	<select id="getDetail" parameterClass="hashMap" resultClass="hashMap">
        SELECT  A.CAL_TYPE_ID
         	  , A.CAL_TYPE_NM
         	  , A.CAL_TYPE_GUBUN
         	  , A.FUNCTION_GUBUN
         	  , A.FUNC_CAL_TYPE_ID
         	  , A.CAL_TYPE
         	  , A.DENOMINATOR
         	  , A.CONTENT
         	  , CASE WHEN A.DELETE_DT IS NULL THEN 'Y'
                     ELSE 'N' END DELETE_DT
              , (SELECT COUNT(METRIC_ID) 
       		  	   FROM BSC_METRIC 
       		  	  WHERE DELETE_DT IS NULL 
       		  	    AND SCORE_CAL_TYPE_ID = A.CAL_TYPE_ID
                    AND ROWNUM = 1) AS CNT
  		  FROM BSC_CAL_TYPE A
  		 WHERE 1=1
  		   AND A.CAL_TYPE_ID = #calTypeId# 
	</select>
	
	<!--
	==================================================================   
	  # 설명	: KPI득점산식 등록
	  #	기능	: INSERT
	  #	TABLE	: BSC_CAL_TYPE
	==================================================================
	-->	
	<insert id="insertData" parameterClass="hashMap">
		<selectKey resultClass="java.lang.String" keyProperty="SEQ" >
			SELECT F_PGM_SERI('BSC_CAL_TYPE','','','','','') SEQ FROM DUAL
		</selectKey> 
		INSERT INTO BSC_CAL_TYPE (
		       CAL_TYPE_ID
         	 , CAL_TYPE_NM
         	 , CAL_TYPE_GUBUN
         	 , FUNCTION_GUBUN
         	 , CAL_TYPE
         	 , DENOMINATOR
         	 , CONTENT
         	 , CREATE_DT
         	 <isNotEqual property="deleteDt" compareValue="Y">
           	 , DELETE_DT
		     </isNotEqual>
		     ) VALUES (
		       #SEQ#
		     , #calTypeNm#
		     , '01'
		     , #functionGubun#
		     , #calType#
		     , #denominator#
		     , #content#
		     , SYSDATE
		     <isNotEqual property="deleteDt" compareValue="Y">
           	 , SYSDATE
		     </isNotEqual>
		     )
	</insert>	
	
	<!--
	==================================================================   
	  # 설명	: KPI득점산식 수정
	  #	기능	: UPDATE
	  #	TABLE	: BSC_CAL_TYPE
	==================================================================
	-->	
	<update id="updateData" parameterClass="hashMap">
		UPDATE BSC_CAL_TYPE
		   SET CAL_TYPE_NM    = #calTypeNm#
		     , FUNCTION_GUBUN = #functionGubun#
		     , CAL_TYPE       = #calType#
		     , DENOMINATOR    = #denominator#
		     , CONTENT        = #content#
		     , MODIFY_DT      = SYSDATE
		     <isEqual property="deleteDt" compareValue="Y">
            	, DELETE_DT   = NULL
		     </isEqual>
		     <isNotEqual property="deleteDt" compareValue="Y">
            	, DELETE_DT   = SYSDATE
		     </isNotEqual>
		WHERE CAL_TYPE_ID     = #calTypeId#
	</update>	
	

	<!--
	==================================================================   
	  # 설명	: KPI득점산식 삭제
	  #	기능	: DELETE
	  #	TABLE	: BSC_CAL_TYPE
	==================================================================
	-->	
	<delete id="deleteData" parameterClass="hashMap">
		UPDATE BSC_CAL_TYPE
		   SET DELETE_DT = SYSDATE
		 WHERE CAL_TYPE_ID = #calTypeId#
	</delete>	
	
	<!--
	==================================================================   
	  # 설명	: KPI득점산식 목록 보기
	  #	기능	: SELECT
	  #	TABLE	: BSC_METRIC
	==================================================================
	-->
	<select id="getMetricCntList" parameterClass="hashMap" resultClass="hashMap">
		SELECT A.YEAR
		     , A.METRIC_ID
		     , A.METRIC_NM 
		     , A.SC_DEPT_ID
		     , B.SC_DEPT_NM 
		FROM BSC_METRIC A 
		     INNER JOIN BSC_SC_DEPT B ON A.YEAR = B.YEAR AND A.SC_DEPT_ID = B.SC_DEPT_ID AND B.DELETE_DT IS NULL  
		WHERE 1 = 1
		  <!-- AND A.YEAR = #findYear# --> 
		  AND A.SCORE_CAL_TYPE_ID = #findCalTypeId#
		  AND A.DELETE_DT IS NULL  
		ORDER BY A.YEAR DESC, A.METRIC_NM, B.SORT_ORDER, A.SORT_ORDER  
	</select>
	
</sqlMap>


