<?xml version="1.0" encoding="UTF-8"?>
<!DOCTYPE sqlMap PUBLIC "-//iBATIS.com//DTD SQL Map 2.0//EN" "http://ibatis.apache.org/dtd/sql-map-2.dtd">
<sqlMap namespace="bsc.base.csf">

	<!--
	==================================================================   
	  # 설명	: typeAlias 선언
	  #	기능	: SETTING
	  #	TABLE	: BSC_CSF
	==================================================================
	-->
	<typeAlias alias="hashMap" 			type="java.util.HashMap" />
	 

	<!--
	==================================================================   
	  # 설명	: CSF관리 목록 보기
	  #	기능	: SELECT
	  #	TABLE	: BSC_CSF
	==================================================================
	-->
	<select id="getList" parameterClass="hashMap" resultClass="hashMap">
        SELECT A.YEAR
                  , A.CSF_ID
                  , A.CSF_NM 
                  , A.SORT_ORDER
                  , (SELECT COUNT(*) 
                        FROM BSC_DEPT_CSF
                      WHERE YEAR= #findYear#
                          AND CSF_ID=A.CSF_ID
                          AND DELETE_DT IS NULL) CNT    
          FROM BSC_CSF A
         WHERE A.YEAR=#findYear#
         	<isNotEmpty prepend="AND" property="findCsfNm">
	            UPPER(A.CSF_NM) LIKE  '%' || TRIM(UPPER(#findCsfNm#)) ||'%'
		   	</isNotEmpty>
           <isEqual prepend="AND" property="findUseYn" compareValue="Y">
       	   A.DELETE_DT IS NULL
           </isEqual>
           <isNotEqual prepend="AND" property="findUseYn" compareValue="Y">
           A.DELETE_DT IS NOT NULL
           </isNotEqual>
         ORDER BY A.SORT_ORDER
	</select>
	
	<!--
	==================================================================   
	  # 설명	: 경영목표 목록 보기
	  #	기능	: SELECT
	  #	TABLE	: BSC_MANAGEMENT
	==================================================================
	-->
	<select id="getManagement" parameterClass="hashMap" resultClass="hashMap">
	SELECT A.YEAR
			, A.MANAGEMENT_ID
			, A.MANAGEMENT_NM
			, A.SORT_ORDER
	FROM BSC_MANAGEMENT A
	WHERE A.YEAR = #findYear#
	   AND A.DELETE_DT IS NULL
	 ORDER BY A.SORT_ORDER
	</select>
	
	<!--
	==================================================================   
	  # 설명	: 전략과제 목록 보기
	  #	기능	: SELECT
	  #	TABLE	: STR_STRAT_SUBJECT
	==================================================================
	-->
	<select id="getStrStratSubject" parameterClass="hashMap" resultClass="hashMap">
	SELECT A.YEAR
             ,  A.STRAT_SUBJECT_ID
             ,  A.STRAT_SUBJECT_NM
             ,  A.SORT_ORDER
    FROM STR_STRAT_SUBJECT A
    WHERE A.YEAR= #findYear#
		AND A.MANAGEMENT_ID = #findManagementId#
		AND A.DELETE_DT IS NULL
     ORDER BY A.SORT_ORDER
	</select>
	
	<!--
	==================================================================   
	  # 설명	: 전략과제 상세목록 보기
	  #	기능	: SELECT
	  #	TABLE	: STR_STRAT_SUBJECT
	==================================================================
	-->
	<select id="getStrStratSubject1" parameterClass="hashMap" resultClass="hashMap">
	SELECT A.YEAR
             ,  A.STRAT_SUBJECT_ID
             ,  A.STRAT_SUBJECT_NM
             ,  A.SORT_ORDER
    FROM STR_STRAT_SUBJECT A
    WHERE A.YEAR= #findYear#
		AND A.MANAGEMENT_ID = #managementId#
		AND A.DELETE_DT IS NULL
     ORDER BY A.SORT_ORDER
	</select>
	
	<!--
	==================================================================   
	  # 설명	: CSF관리 상세 보기
	  #	기능	: SELECT
	  #	TABLE	: BSC_CSF
	==================================================================
	-->
	<select id="getDetail" parameterClass="hashMap" resultClass="hashMap">
		SELECT YEAR                  
			 , CSF_ID                
			 , CSF_NM                
			 , SORT_ORDER
			 ,  (SELECT COUNT(*) 
                 FROM STR_METRIC A
                WHERE YEAR= #findYear#
                   AND B.CSF_ID=A.CSF_ID
                   AND A.DELETE_DT IS NULL) CNT
			 , CASE WHEN DELETE_DT IS NULL THEN 'Y' ELSE 'N' END AS USE_YN             
		  FROM BSC_CSF B
		 WHERE YEAR = #year#
		   AND CSF_ID = #csfId#
	</select>
	
	<!--
	==================================================================   
	  # 설명	: CSF관리 등록
	  #	기능	: INSERT
	  #	TABLE	: BSC_CSF
	==================================================================
	-->	
	<insert id="insertData" parameterClass="hashMap">
		<selectKey resultClass="java.lang.String" keyProperty="SEQ" >
			SELECT 'C'||LPAD(NVL(MAX(SUBSTR(CSF_ID,2,6)),0)+1,6,'0') FROM BSC_CSF WHERE YEAR=#year#
		</selectKey>
		INSERT INTO BSC_CSF ( 
			   YEAR
			 , CSF_ID
			 , CSF_NM
			 , SORT_ORDER
			 , CREATE_DT
			 , DELETE_DT
			 ) VALUES ( 
			   #year#
			 , #SEQ#
			 , #csfNm#
			 , #sortOrder#
			 , SYSDATE
			 ,
			 <isEqual property="useYn" compareValue="Y">
		     NULL
		     </isEqual>
		     <isNotEqual property="useYn" compareValue="Y">
		     SYSDATE
		     </isNotEqual>
			 )
	</insert>	
	
	<!--
	==================================================================   
	  # 설명	: CSF관리 수정
	  #	기능	: UPDATE
	  #	TABLE	: BSC_CSF
	==================================================================
	-->	
	<update id="updateData" parameterClass="hashMap">
		UPDATE BSC_CSF 
		   SET CSF_NM                 = #csfNm# 
			 , SORT_ORDER             = #sortOrder# 
			 , MODIFY_DT              = SYSDATE 
			<isEqual property="useYn" compareValue="Y">
	         , DELETE_DT = NULL
	         </isEqual>
	         <isEqual property="useYn" compareValue="N">
	         , DELETE_DT = SYSDATE
	         </isEqual>
		 WHERE YEAR = #year#
		   AND CSF_ID = #csfId#		
	</update>	
	

	<!--
	==================================================================   
	  # 설명	: CSF관리 삭제
	  #	기능	: UPDATE
	  #	TABLE	: BSC_CSF
	==================================================================
	-->	
	<update id="deleteData" parameterClass="hashMap">
		UPDATE BSC_CSF 
		   SET DELETE_DT       = SYSDATE 
		 WHERE YEAR = #year#
		   AND CSF_ID = #csfId#
	</update>
	
	
</sqlMap>


