<?xml version="1.0" encoding="UTF-8"?>
<!DOCTYPE sqlMap PUBLIC "-//iBATIS.com//DTD SQL Map 2.0//EN" "http://ibatis.apache.org/dtd/sql-map-2.dtd">
<sqlMap namespace="bsc.base.management">

	<!--
	==================================================================   
	  # 설명	: typeAlias 선언
	  #	기능	: SETTING
	  #	TABLE	: BSC_MANAGEMENT
	==================================================================
	-->
	<typeAlias alias="hashMap" 			type="java.util.HashMap" />
	 

	<!--
	==================================================================   
	  # 설명	: 경영목표 목록 보기
	  #	기능	: SELECT
	  #	TABLE	: BSC_MANAGEMENT
	==================================================================
	-->
	<select id="getList" parameterClass="hashMap" resultClass="hashMap">
        SELECT A.YEAR
        		, A.MANAGEMENT_ID
        		, A.MANAGEMENT_NM
        		, MANAGEMENT_WEIGHT  
        		, A.SORT_ORDER
             	, (SELECT COUNT(1)
                 FROM  STR_STRAT_SUBJECT B
                WHERE A.YEAR=B.YEAR
                  AND A.MANAGEMENT_ID=B.MANAGEMENT_ID
                  AND B.DELETE_DT IS NULL) CNT
          FROM BSC_MANAGEMENT A
         WHERE A.YEAR = #findYear#
         	<isNotEmpty prepend="AND" property="findManagementNm">
	            UPPER(A.MANAGEMENT_NM) LIKE  '%' || TRIM(UPPER(#findManagementNm#)) ||'%'
		   	</isNotEmpty>
           <isEqual prepend="AND" property="findUseYn" compareValue="Y">
               A.DELETE_DT IS NULL
           </isEqual>
           <isNotEqual prepend="AND" property="findUseYn" compareValue="Y">
               A.DELETE_DT IS NOT NULL
           </isNotEqual>
         ORDER BY A.SORT_ORDER  
	</select>
	
	<!--
	==================================================================   
	  # 설명	: 경영목표 상세 보기
	  #	기능	: SELECT
	  #	TABLE	: BSC_MANAGEMENT
	==================================================================
	-->
	<select id="getDetail" parameterClass="hashMap" resultClass="hashMap">
		SELECT YEAR                  
			 , MANAGEMENT_ID        
			 , MANAGEMENT_NM
			 , MANAGEMENT_WEIGHT        
			 , SORT_ORDER
			 , (SELECT COUNT(1)
                 FROM  STR_STRAT_SUBJECT B
                WHERE A.YEAR=B.YEAR
                  AND A.MANAGEMENT_ID=B.MANAGEMENT_ID
                  AND B.DELETE_DT IS NULL) CNT        
			 , CASE WHEN DELETE_DT IS NULL THEN 'Y' ELSE 'N' END AS USE_YN         
		  FROM BSC_MANAGEMENT A
		 WHERE YEAR = #year#
		   AND MANAGEMENT_ID = #managementId#	  
    </select>
	
	<!--
	==================================================================   
	  # 설명	: 경영목표 등록
	  #	기능	: INSERT
	  #	TABLE	: BSC_MANAGEMENT
	==================================================================
	-->	
	<insert id="insertData" parameterClass="hashMap">
		<selectKey resultClass="java.lang.String" keyProperty="SEQ" >
			SELECT 'M'||LPAD(NVL(MAX(SUBSTR(MANAGEMENT_ID,2,6)),0)+1,6,'0') FROM BSC_MANAGEMENT WHERE YEAR=#year#
		</selectKey>
		INSERT INTO BSC_MANAGEMENT ( 
			   YEAR
			 , MANAGEMENT_ID
			 , MANAGEMENT_NM
			 , MANAGEMENT_WEIGHT
			 , SORT_ORDER
			 , CREATE_DT
			 , DELETE_DT
			 ) VALUES ( 
			   #year#
			 , #SEQ#
			 , #managementNm#
			 , #managementWeight#
			 , #sortOrder#
			 , SYSDATE
			 ,
			 <isEqual property="useYn" compareValue="Y">
		     NULL
		     </isEqual>
		     <isNotEqual property="useYn" compareValue="Y">
		     SYSDATE
		     </isNotEqual>
			 )
	</insert>	
	
	<!--
	==================================================================   
	  # 설명	: 경영목표 수정
	  #	기능	: UPDATE
	  #	TABLE	: BSC_MANAGEMENT
	==================================================================
	-->	
	<update id="updateData" parameterClass="hashMap">
		UPDATE BSC_MANAGEMENT 
		   SET MANAGEMENT_NM         = #managementNm#
		   	 , MANAGEMENT_WEIGHT   = #managementWeight# 
			 , SORT_ORDER             = #sortOrder# 
			 , MODIFY_DT              = SYSDATE 
			 <isEqual property="useYn" compareValue="Y">
	         , DELETE_DT = NULL
	         </isEqual>
	         <isEqual property="useYn" compareValue="N">
	         , DELETE_DT = SYSDATE
	         </isEqual>
		 WHERE YEAR = #year#
		   AND MANAGEMENT_ID = #managementId#		
	</update>	
	

	<!--
	==================================================================   
	  # 설명	: 경영목표 삭제
	  #	기능	: UPDATE
	  #	TABLE	: BSC_MANAGEMENT
	==================================================================
	-->	
	<update id="deleteData" parameterClass="hashMap">
		UPDATE BSC_MANAGEMENT 
		   SET DELETE_DT       = SYSDATE 
		 WHERE YEAR = #year#
		   AND MANAGEMENT_ID = #managementId#
	</update>
	
	
</sqlMap>


