<?xml version="1.0" encoding="UTF-8"?>
<!DOCTYPE sqlMap PUBLIC "-//iBATIS.com//DTD SQL Map 2.0//EN" "http://ibatis.apache.org/dtd/sql-map-2.dtd">
<sqlMap namespace="bsc.popup.budExcEffectBon">

	<!--
	==================================================================
	  # 설명	: typeAlias 선언
	  #	기능	: SETTING
	  #	TABLE	:
	==================================================================
	-->
	<typeAlias alias="hashMap" 			type="java.util.HashMap" />

	<!--
	==================================================================
	  # 설명	: 부서조회
	  #	기능	: SELECT
	  #	TABLE	: BSC_DEPTINFO
	==================================================================
	-->
	<select id="getDeptInfo" parameterClass="hashMap" resultClass="hashMap">
		SELECT A.DEPT_ID
          		,A.DEPT_NM
          FROM BSC_DEPTINFO A
          LEFT OUTER JOIN BSC_SC_DEPT_MAPPING B
          ON A.DEPT_ID = B.DEPT_ID
          WHERE B.YEAR = #findYear#
          <isNotEmpty prepend="AND" property="findScDeptCd">
          	B.SC_DEPT_ID = #findScDeptCd#
          </isNotEmpty>
          <isEmpty prepend="AND" property="findScDeptCd">
            B.DEPT_ID = #findDeptId#
          </isEmpty>
	</select>

	<!--
	==================================================================
	  # 설명	: 시스템 연계 부서 목록 보기
	  #	기능	: SELECT
	  #	TABLE	:
	==================================================================
	-->
	<select id="getScDeptMapping" parameterClass="hashMap" resultClass="java.lang.String">
		SELECT DEPT_ID FROM BSC_SC_DEPT_MAPPING WHERE YEAR = #findYear# AND SC_DEPT_ID = #findScDeptCd#
	</select>

	<!--
	==================================================================
	  # 설명	: 시스템항목관리 목록 보기
	  #	기능	: SELECT
	  #	TABLE	: BSC_SYSTEM_ITEM
	==================================================================
	-->
	<select id="getList" parameterClass="hashMap" resultClass="hashMap">
	<!-- 예산집행액  -->
		<isEqual property="findItemCd" compareValue="S028D003">
			SELECT A.YY AS YEAR
		       , A.MON
		       , A.DEPT_CD
		       , B.DEPT_NM
		       , A.APRV_QUAT
		       , A.BGR_RSLT_QUAT
			FROM    (SELECT YY
		                  , '01' AS MON
		                  , B.DEPT_CD
		                  , APRV_QUAT1 AS APRV_QUAT
		                  , BGT_RSLT_QUAT1 AS BGR_RSLT_QUAT
		               FROM DUAL A, V_AAA0106M_001 B
		             UNION ALL
		             SELECT YY
		                  , '02' AS MON
		                  , B.DEPT_CD
		                  , APRV_QUAT1 AS APRV_QUAT
		                  , BGT_RSLT_QUAT1 AS BGR_RSLT_QUAT
		               FROM DUAL A, V_AAA0106M_001 B
		             UNION ALL
		             SELECT YY
		                  , '03' AS MON
		                  , B.DEPT_CD
		                  , APRV_QUAT1 AS APRV_QUAT
		                  , BGT_RSLT_QUAT1 AS BGR_RSLT_QUAT
		               FROM DUAL A, V_AAA0106M_001 B
		             UNION ALL
		             SELECT YY
		                  , '04' AS MON
		                  , B.DEPT_CD
		                  , APRV_QUAT2 AS APRV_QUAT
		                  , BGT_RSLT_QUAT2 AS BGR_RSLT_QUAT
		               FROM DUAL A, V_AAA0106M_001 B
		             UNION ALL
		             SELECT YY
		                  , '05' AS MON
		                  , B.DEPT_CD
		                  , APRV_QUAT2 AS APRV_QUAT
		                  , BGT_RSLT_QUAT2 AS BGR_RSLT_QUAT
		               FROM DUAL A, V_AAA0106M_001 B
		             UNION ALL
		             SELECT YY
		                  , '06' AS MON
		                  , B.DEPT_CD
		                  , APRV_QUAT2 AS APRV_QUAT
		                  , BGT_RSLT_QUAT2 AS BGR_RSLT_QUAT
		               FROM DUAL A, V_AAA0106M_001 B
		             UNION ALL
		             SELECT YY
		                  , '07' AS MON
		                  , B.DEPT_CD
		                  , APRV_QUAT3 AS APRV_QUAT
		                  , BGT_RSLT_QUAT3 AS BGR_RSLT_QUAT
		               FROM DUAL A, V_AAA0106M_001 B
		             UNION ALL
		             SELECT YY
		                  , '08' AS MON
		                  , B.DEPT_CD
		                  , APRV_QUAT3 AS APRV_QUAT
		                  , BGT_RSLT_QUAT3 AS BGR_RSLT_QUAT
		               FROM DUAL A, V_AAA0106M_001 B
		             UNION ALL
		             SELECT YY
		                  , '09' AS MON
		                  , B.DEPT_CD
		                  , APRV_QUAT3 AS APRV_QUAT
		                  , BGT_RSLT_QUAT3 AS BGR_RSLT_QUAT
		               FROM DUAL A, V_AAA0106M_001 B
		             UNION ALL
		             SELECT YY
		                  , '10' AS MON
		                  , B.DEPT_CD
		                  , APRV_QUAT4 AS APRV_QUAT
		                  , BGT_RSLT_QUAT4 AS BGR_RSLT_QUAT
		               FROM DUAL A, V_AAA0106M_001 B
		             UNION ALL
		             SELECT YY
		                  , '11' AS MON
		                  , B.DEPT_CD
		                  , APRV_QUAT4 AS APRV_QUAT
		                  , BGT_RSLT_QUAT4 AS BGR_RSLT_QUAT
		               FROM DUAL A, V_AAA0106M_001 B
		             UNION ALL
		             SELECT YY
		                  , '12' AS MON
		                  , B.DEPT_CD
		                  , APRV_QUAT4 AS APRV_QUAT
		                  , BGT_RSLT_QUAT4 AS BGR_RSLT_QUAT
		               FROM DUAL A, V_AAA0106M_001 B) A
		         INNER JOIN
		            BSC_DEPTINFO B
		         ON A.DEPT_CD = B.DEPT_ID
			WHERE YY = #findYear# AND MON = #findMon# AND B.DEPT_ID = #findDeptId#
			ORDER BY YY, MON, DEPT_CD
      </isEqual>
	</select>

	<!--
	==================================================================
	  # 설명	: 시스템 연계항목 정보를 가져옴
	  #	기능	: SELECT
	  #	TABLE	:
	==================================================================
	-->
	<select id="getItem" remapResults="true" parameterClass="hashMap" resultClass="hashMap">
          SELECT A.ITEM_CD, B.CAL_TYPE_COL_NM
            FROM BSC_SYSTEM_ITEM A
               , BSC_CAL_TYPE_COL B
           WHERE A.YEAR = #findYear#
             AND A.YEAR = B.YEAR
             AND A.ITEM_CD = B.ITEM_CD
             AND B.METRIC_ID = #findMetricId#
           ORDER BY B.CAL_TYPE_COL_NM
	</select>

</sqlMap>
