<?xml version="1.0" encoding="UTF-8"?>
<!DOCTYPE sqlMap PUBLIC "-//iBATIS.com//DTD SQL Map 2.0//EN" "http://ibatis.apache.org/dtd/sql-map-2.dtd">
<sqlMap namespace="bsc.popup.comSupportAct">

	<!--
	==================================================================
	  # 설명	: typeAlias 선언
	  #	기능	: SETTING
	  #	TABLE	:
	==================================================================
	-->
	<typeAlias alias="hashMap" 			type="java.util.HashMap" />


	<!--
	==================================================================
	  # 설명	: 시스템항목관리 목록 보기
	  #	기능	: SELECT
	  #	TABLE	: BSC_SYSTEM_ITEM
	==================================================================
	-->
	<select id="getList" parameterClass="hashMap" resultClass="hashMap">
		SELECT A.YEAR
	       , SUBSTR (A.REAL_INSP_DATE, 5, 2) AS MON
	       , A.PERM_TC
	       , B.COMM_C
	       , B.COMM_C_NM
	       , A.IMP_GUBUN
	       , A.CO_NM
	       , A.INSP_NM
	       , A.REAL_INSP_DATE
	    FROM    V_GHF0301M_001 A
	         LEFT OUTER JOIN
	            MAORA01.MDA0000M B
	         ON A.PERM_TC = B.COMM_C
	   WHERE     1 = 1
	         AND YEAR = #findYear#
	         AND SUBSTR (REAL_INSP_DATE, 5, 2) = #findMon#
	         AND DEPT_CD = #findDeptId#
	         AND PERM_TC NOT IN ('102', '042')
	         AND IMP_GUBUN NOT IN ('0104')
	         AND B.SYS_TC = 'GIZ'
	         AND B.KIND_TC = '0003'
	         AND REAL_INSP_DATE IS NOT NULL
		ORDER BY REAL_INSP_DATE ASC
	</select>

	<!--
	==================================================================   
	  # 설명	: 시스템 연계 부서 목록 보기
	  #	기능	: SELECT
	  #	TABLE	: 
	==================================================================
	-->
	<select id="getScDeptMapping" parameterClass="hashMap" resultClass="java.lang.String">
		SELECT DEPT_ID
		  FROM ( SELECT DEPT_ID 
				   FROM BSC_SC_DEPT_MAPPING
				  WHERE YEAR = #findYear# 
				    AND SC_DEPT_ID = #findScDeptCd# ORDER BY DEPT_ID )
		 WHERE ROWNUM = 1
	</select>

<!--
	==================================================================
	  # 설명	: 시스템 연계항목 정보를 가져옴
	  #	기능	: SELECT
	  #	TABLE	:
	==================================================================
	-->
	<select id="getItem" remapResults="true" parameterClass="hashMap" resultClass="hashMap">
          SELECT A.ITEM_CD, B.CAL_TYPE_COL_NM
            FROM BSC_SYSTEM_ITEM A
               , BSC_CAL_TYPE_COL B
           WHERE A.YEAR = #findYear#
             AND A.YEAR = B.YEAR
             AND A.ITEM_CD = B.ITEM_CD
             AND B.METRIC_ID = #findMetricId#
             AND B.INSERT_GUBUN = '01'
           ORDER BY B.CAL_TYPE_COL_NM
	</select>

<!--
	==================================================================
	  # 설명	: 부서조회
	  #	기능	: SELECT
	  #	TABLE	: BSC_DEPTINFO
	==================================================================
	-->
	<select id="getDept" parameterClass="hashMap" resultClass="hashMap">
		SELECT A.DEPT_ID
          FROM BSC_DEPTINFO A
          LEFT OUTER JOIN BSC_SC_DEPT_MAPPING B
          ON A.DEPT_ID = B.DEPT_ID
          WHERE B.YEAR = #findYear#
          <isNotEmpty prepend="AND" property="findScDeptCd">
          	B.SC_DEPT_ID = #findScDeptCd#
          </isNotEmpty>
          <isEmpty prepend="AND" property="findScDeptCd">
            B.DEPT_ID = #findDeptId#
          </isEmpty>
	</select>


	<!--
	==================================================================
	  # 설명	: 부서조회
	  #	기능	: SELECT
	  #	TABLE	: BSC_DEPTINFO
	==================================================================
	-->
	<select id="getDeptList" parameterClass="hashMap" resultClass="hashMap">
		SELECT A.DEPT_ID, B.DEPT_NM
		  FROM BSC_SC_DEPT_MAPPING A
	LEFT OUTER JOIN BSC_DEPTINFO B
			ON A.DEPT_ID = B.DEPT_ID
		 WHERE (YEAR, SC_DEPT_ID) IN
		          (SELECT YEAR, SC_DEPT_ID
		             FROM BSC_METRIC
		            WHERE (METRIC_GRP_ID, YEAR) IN
		                     (SELECT METRIC_GRP_ID, YEAR
		                        FROM BSC_METRIC
		                       WHERE YEAR = #findYear# AND METRIC_ID = #findMetricId#)
		              AND DELETE_DT IS NULL)
<![CDATA[		   AND OULEVEL < 2 ]]>
	</select>
</sqlMap>


