<?xml version="1.0" encoding="UTF-8"?>
<!DOCTYPE sqlMap PUBLIC "-//iBATIS.com//DTD SQL Map 2.0//EN" "http://ibatis.apache.org/dtd/sql-map-2.dtd">
<sqlMap namespace="bsc.popup.domSafeAuthAct">

	<!--
	==================================================================
	  # 설명	: typeAlias 선언
	  #	기능	: SETTING
	  #	TABLE	:
	==================================================================
	-->
	<typeAlias alias="hashMap" 			type="java.util.HashMap" />


	<!--
	==================================================================
	  # 설명	: 시스템항목관리 목록 보기
	  #	기능	: SELECT
	  #	TABLE	: BSC_SYSTEM_ITEM
	==================================================================
	-->
	<select id="getList" parameterClass="hashMap" resultClass="hashMap">
			<!-- 방폭시험부(3J20) 안전증가 분야 수입(S033D001) -->
		<isEqual property="findItemCd" compareValue="S033D001">
			SELECT A.YEAR
			      ,A.MON
			      ,'3J20' AS DEPT_CD
			      ,A.DEPT_CD AS INNER_DEPT_CD
			      ,B.DEPT_NM
			      ,A.RPT_TC_NM
			      ,A.ROLE_TC_NM
			      ,A.INSP_KIND_TC_NM
			      ,A.LAW_TC_NM
			      ,A.STIC_LAG_TC_NM
			      ,A.STIC_MID_TC_NM
			      ,A.STIC_SML_TC_NM
			      ,((A.REQ_AMT) / 100000000) AS REQ_AMT
			      FROM(
			            SELECT YEAR
			                  ,MON
			                  ,DEPT_CD
			                  ,RPT_TC_NM
			                  ,ROLE_TC_NM
			                  ,INSP_KIND_TC_NM
			                  ,LAW_TC_NM
			                  ,STIC_LAG_TC_NM
			                  ,STIC_MID_TC_NM
			                  ,STIC_SML_TC_NM
			                  ,REQ_AMT
			              FROM TABLE (BSC_SYSTEM_KGS.F_V_GHF0221D_LIST (#findYear#, #findMon#))
			             WHERE ROLE_TC = '13'
			               AND INSP_KIND_TC = '03'
			               AND STIC_LAG_TC = '27'
			               AND STIC_SML_TC = '15'
			           )A
			       INNER JOIN BSC_DEPTINFO B
			       ON A.DEPT_CD = B.DEPT_ID
		 </isEqual>

			<!-- 방폭인증부(3J15) 안전증가 분야 수입(S033D002) -->
		<isEqual property="findItemCd" compareValue="S033D002">
			SELECT A.YEAR
			      ,A.MON
			      ,'3J15' AS DEPT_CD
			      ,A.DEPT_CD AS INNER_DEPT_CD
			      ,B.DEPT_NM
			      ,A.RPT_TC_NM
			      ,A.ROLE_TC_NM
			      ,A.INSP_KIND_TC_NM
			      ,A.LAW_TC_NM
			      ,A.STIC_LAG_TC_NM
			      ,A.STIC_MID_TC_NM
			      ,A.STIC_SML_TC_NM
			      ,((A.REQ_AMT) / 100000000) AS REQ_AMT
			      FROM(
			            SELECT YEAR
			                  ,MON
			                  ,DEPT_CD
			                  ,RPT_TC_NM
			                  ,ROLE_TC_NM
			                  ,INSP_KIND_TC_NM
			                  ,LAW_TC_NM
			                  ,STIC_LAG_TC_NM
			                  ,STIC_MID_TC_NM
			                  ,STIC_SML_TC_NM
			                  ,REQ_AMT
			              FROM TABLE (BSC_SYSTEM_KGS.F_V_GHF0221D_LIST (#findYear#, #findMon#))
			             WHERE ROLE_TC = '13'
			               AND INSP_KIND_TC = '03'
			               AND STIC_LAG_TC = '27'
			               AND STIC_SML_TC = '15'
			           )A
			       INNER JOIN BSC_DEPTINFO B
			       ON A.DEPT_CD = B.DEPT_ID
		 </isEqual>
	</select>


	<!--
	==================================================================
	  # 설명	: 부서조회
	  #	기능	: SELECT
	  #	TABLE	: BSC_DEPTINFO
	==================================================================
	-->
	<select id="getDeptList" parameterClass="hashMap" resultClass="hashMap">
		SELECT A.DEPT_ID, B.DEPT_NM
		  FROM BSC_SC_DEPT_MAPPING A
	LEFT OUTER JOIN BSC_DEPTINFO B
			ON A.DEPT_ID = B.DEPT_ID
		 WHERE (YEAR, SC_DEPT_ID) IN
		          (SELECT YEAR, SC_DEPT_ID
		             FROM BSC_METRIC
		            WHERE (METRIC_GRP_ID, YEAR) IN
		                     (SELECT METRIC_GRP_ID, YEAR
		                        FROM BSC_METRIC
		                       WHERE YEAR = #findYear# AND METRIC_ID = #findMetricId#)
				AND DELETE_DT IS NULL)

	</select>


	<!--
	==================================================================
	  # 설명	: 연계개수 팝업 데이터 조회
	  #	기능	: SELECT
	  #	TABLE	: BSC_CAL_TYPE_COL, BSC_SYSTEM_ITEM
	==================================================================
	-->
	<select id="getPopItemCntList" parameterClass="hashMap" resultClass="hashMap">
		SELECT   A.YEAR
		       , C.SC_DEPT_ID
		       , D.SC_DEPT_NM
		       , A.METRIC_ID
		       , C.METRIC_NM
		       , A.CAL_TYPE_COL
		       , A.CAL_TYPE_COL_NM
		       , B.ITEM_CD
		       , B.ITEM_NM
		    FROM BSC_CAL_TYPE_COL A INNER JOIN BSC_SYSTEM_ITEM B ON A.YEAR = B.YEAR
		                                                       AND A.ITEM_CD = B.ITEM_CD
		                                                       AND B.DELETE_DT IS NULL
		         INNER JOIN BSC_METRIC C ON A.YEAR = C.YEAR
		                               AND A.METRIC_ID = C.METRIC_ID
		                               AND C.DELETE_DT IS NULL
		         INNER JOIN BSC_SC_DEPT D ON C.YEAR = D.YEAR
		                                AND C.SC_DEPT_ID = D.SC_DEPT_ID
		                                AND D.DELETE_DT IS NULL
		   WHERE A.YEAR = #findYear#
		     AND A.ITEM_CD = #findItemCd#
		     AND A.DELETE_DT IS NULL
		     AND A.ITEM_CD IS NOT NULL
		ORDER BY A.METRIC_ID, A.CAL_TYPE_COL
	</select>

	<!--
	==================================================================
	  # 설명	: 시스템 연계항목 정보를 가져옴
	  #	기능	: SELECT
	  #	TABLE	:
	==================================================================
	-->
	<select id="getItem" remapResults="true" parameterClass="hashMap" resultClass="hashMap">
          SELECT A.ITEM_CD, B.CAL_TYPE_COL_NM
            FROM BSC_SYSTEM_ITEM A
               , BSC_CAL_TYPE_COL B
           WHERE A.YEAR = #findYear#
             AND A.YEAR = B.YEAR
             AND A.ITEM_CD = B.ITEM_CD
             AND B.METRIC_ID = #findMetricId#
             AND B.INSERT_GUBUN = '01'
           ORDER BY B.CAL_TYPE_COL_NM
	</select>

	<!--
	==================================================================
	  # 설명	: 시스템 연계 부서 목록 보기
	  #	기능	: SELECT
	  #	TABLE	:
	==================================================================
	-->
	<select id="getScDeptMapping" parameterClass="hashMap" resultClass="java.lang.String">
		SELECT DEPT_ID
		  FROM ( SELECT DEPT_ID 
				   FROM BSC_SC_DEPT_MAPPING
				  WHERE YEAR = #findYear# 
				    AND SC_DEPT_ID = #findScDeptCd# ORDER BY DEPT_ID 
				    )
		 WHERE ROWNUM = 1
	</select>

	<!--
	==================================================================
	  # 설명	: 기존 권한 삭제
	  #	기능	: DELETE
	  #	TABLE	: BSC_ADMIN
	==================================================================
	-->
	<delete id="deleteAdmin" parameterClass="hashMap">
		DELETE FROM BSC_ADMIN
		 WHERE ADMIN_GUBUN IN ('20')
	</delete>

</sqlMap>


