<?xml version="1.0" encoding="UTF-8"?>
<!DOCTYPE sqlMap PUBLIC "-//iBATIS.com//DTD SQL Map 2.0//EN" "http://ibatis.apache.org/dtd/sql-map-2.dtd">
<sqlMap namespace="bsc.popup.factoryEvalEff">

	<!--
	==================================================================
	  # 설명	: typeAlias 선언
	  #	기능	: SETTING
	  #	TABLE	:
	==================================================================
	-->
	<typeAlias alias="hashMap" 			type="java.util.HashMap" />

	<!--
	==================================================================
	  # 설명	: 시스템 연계 부서 목록 보기
	  #	기능	: SELECT
	  #	TABLE	:
	==================================================================
	-->
	<select id="getDeptInfo" parameterClass="hashMap" resultClass="hashMap">
		SELECT A.DEPT_ID, B.DEPT_NM
			  FROM BSC_SC_DEPT_MAPPING A
		LEFT OUTER JOIN BSC_DEPTINFO B
				ON A.DEPT_ID = B.DEPT_ID
			 WHERE (YEAR, SC_DEPT_ID) IN
			          (SELECT YEAR, SC_DEPT_ID
			             FROM BSC_METRIC
			            WHERE (METRIC_GRP_ID, YEAR) IN
			                     (SELECT METRIC_GRP_ID, YEAR
			                        FROM BSC_METRIC
			                       WHERE YEAR = #findYear# AND METRIC_ID = #findMetricId#)
					AND DELETE_DT IS NULL)
	
	</select>

	<!--
	==================================================================
	  # 설명	: 시스템 연계 부서 목록 보기
	  #	기능	: SELECT
	  #	TABLE	:
	==================================================================
	-->
	<select id="getScDeptMapping" parameterClass="hashMap" resultClass="java.lang.String">
		SELECT DEPT_ID
		  FROM ( SELECT DEPT_ID 
				   FROM BSC_SC_DEPT_MAPPING
				  WHERE YEAR = #findYear# 
				    AND SC_DEPT_ID = #findScDeptCd# ORDER BY DEPT_ID 
				    )
		 WHERE ROWNUM = 1
	</select>

	<!--
	==================================================================
	  # 설명	: 시스템 연계데이터 조회 목록 보기
	  #	기능	: SELECT
	  #	TABLE	:
	==================================================================
	-->
	<select id="getList" parameterClass="hashMap" resultClass="hashMap">
            SELECT YEAR, MON, DEPT_CD, RPT_TC, RPT_TC_NM, ROLE_TC, ROLE_TC_NM, INSP_KIND_TC, INSP_KIND_TC_NM
                 , LAW_TC, LAW_TC_NM, STIC_LAG_TC, STIC_LAG_TC_NM, STIC_MID_TC, STIC_MID_TC_NM, STIC_SML_TC, STIC_SML_TC_NM
                 , REQ_QTY, REQ_AMT / 10000 REQ_AMT, INSP_QTY, PASS_QTY, UNPASS_QTY, UNINSP_QTY, RE_REQ_QTY, RE_REQ_AMT / 10000 RE_REQ_AMT, RE_INSP_QTY, RE_PASS_QTY, RE_UNPASS_QTY, RE_UNINSP_QTY
                 , CUM_REQ_QTY, CUM_REQ_AMT / 10000 CUM_REQ_AMT, CUM_INSP_QTY, CUM_PASS_QTY, CUM_UNPASS_QTY, CUM_UNINSP_QTY, CUM_RE_REQ_QTY, CUM_RE_REQ_AMT / 10000 CUM_RE_REQ_AMT, CUM_RE_INSP_QTY, CUM_RE_PASS_QTY, CUM_RE_UNPASS_QTY, CUM_RE_UNINSP_QTY
              FROM TABLE(BSC_SYSTEM_KGS.F_V_GHF0221D_LIST(#findYear#, #findMon#))
             WHERE DEPT_CD = '3J00'
               AND ROLE_TC = '04'
               AND INSP_KIND_TC = '01'
	</select>

	<!--
	==================================================================
	  # 설명	: 시스템 연계항목 정보를 가져옴
	  #	기능	: SELECT
	  #	TABLE	:
	==================================================================
	-->
	<select id="getItem" remapResults="true" parameterClass="hashMap" resultClass="hashMap">
          SELECT A.ITEM_CD, B.CAL_TYPE_COL_NM
            FROM BSC_SYSTEM_ITEM A
               , BSC_CAL_TYPE_COL B
           WHERE A.YEAR = #findYear#
             AND A.YEAR = B.YEAR
             AND A.ITEM_CD = B.ITEM_CD
             AND B.METRIC_ID = #findMetricId#
             AND B.INSERT_GUBUN = '01'
           ORDER BY B.CAL_TYPE_COL_NM
	</select>
</sqlMap>


