<?xml version="1.0" encoding="UTF-8"?>
<!DOCTYPE sqlMap PUBLIC "-//iBATIS.com//DTD SQL Map 2.0//EN" "http://ibatis.apache.org/dtd/sql-map-2.dtd">
<sqlMap namespace="bsc.popup.glbCerIncPer">

	<!--
	==================================================================
	  # 설명	: typeAlias 선언
	  #	기능	: SETTING
	  #	TABLE	:
	==================================================================
	-->
	<typeAlias alias="hashMap" 			type="java.util.HashMap" />


	<!--
	==================================================================
	  # 설명	: 시스템항목관리 목록 보기
	  #	기능	: SELECT
	  #	TABLE	: BSC_SYSTEM_ITEM
	==================================================================
	-->
	<select id="getList" parameterClass="hashMap" resultClass="hashMap">
		<isEqual property="findItemCd" compareValue="S035D001">
			SELECT A.YEAR
			     , A.MON
			     , B.DEPT_CD
			     , A.RPT_TC_NM
			     , A.ROLE_TC_NM
			     , A.INSP_KIND_TC_NM
			     , A.LAW_TC_NM
			     , A.STIC_LAG_TC_NM
			     , A.STIC_MID_TC_NM
			     , A.STIC_SML_TC_NM
			     , A.REQ_AMT
			FROM(
			SELECT YEAR
			     , MON
			     , DEPT_CD
			     , RPT_TC_NM
			     , ROLE_TC_NM
			     , INSP_KIND_TC_NM
			     , LAW_TC_NM
			     , STIC_LAG_TC_NM
			     , STIC_MID_TC_NM
			     , STIC_SML_TC_NM
			     , REQ_AMT
			  FROM TABLE (BSC_SYSTEM_KGS.F_V_GHF0221D_LIST (#findYear#, #findMon#))
			  WHERE ROLE_TC = '12' AND INSP_KIND_TC = '01' AND DEPT_CD = '3J00') A
			  , (SELECT '3J00' DEPT_CD FROM DUAL UNION SELECT '3J15' FROM DUAL UNION SELECT '3J20' FROM DUAL) B
			  WHERE B.DEPT_CD = #findDeptId#
		</isEqual>
	</select>

<!--
	==================================================================
	  # 설명	: 시스템 연계항목 정보를 가져옴
	  #	기능	: SELECT
	  #	TABLE	:
	==================================================================
	-->
	<select id="getItem" remapResults="true" parameterClass="hashMap" resultClass="hashMap">
          
SELECT A.ITEM_CD, B.CAL_TYPE_COL_NM
            FROM BSC_SYSTEM_ITEM A
               , BSC_CAL_TYPE_COL B
           WHERE A.YEAR = #findYear#
             AND A.YEAR = B.YEAR
             AND A.ITEM_CD = B.ITEM_CD
             AND B.METRIC_ID = #findMetricId#
             AND B.INSERT_GUBUN = '01'
           ORDER BY B.CAL_TYPE_COL_NM
	</select>

	<!--
	==================================================================
	  # 설명	: 부서조회
	  #	기능	: SELECT
	  #	TABLE	: BSC_DEPTINFO
	==================================================================
	-->
	<select id="getScDeptMapping" parameterClass="hashMap" resultClass="java.lang.String">
		SELECT DEPT_ID
		  FROM ( SELECT DEPT_ID 
				   FROM BSC_SC_DEPT_MAPPING
				  WHERE YEAR = #findYear# 
				    AND SC_DEPT_ID = #findScDeptCd# ORDER BY DEPT_ID 
				    )
		 WHERE ROWNUM = 1
	</select>


	<!--
	==================================================================
	  # 설명	: 부서조회
	  #	기능	: SELECT
	  #	TABLE	: BSC_DEPTINFO
	==================================================================
	-->
	<select id="getDeptList" parameterClass="hashMap" resultClass="hashMap">
		SELECT A.DEPT_ID, B.DEPT_NM
		  FROM BSC_SC_DEPT_MAPPING A
	LEFT OUTER JOIN BSC_DEPTINFO B
			ON A.DEPT_ID = B.DEPT_ID
		 WHERE (YEAR, SC_DEPT_ID) IN
		          (SELECT YEAR, SC_DEPT_ID
		             FROM BSC_METRIC
		            WHERE (METRIC_GRP_ID, YEAR) IN
		                     (SELECT METRIC_GRP_ID, YEAR
		                        FROM BSC_METRIC
		                       WHERE YEAR = #findYear# AND METRIC_ID = #findMetricId#)
				AND DELETE_DT IS NULL)
	</select>


</sqlMap>
