<?xml version="1.0" encoding="UTF-8"?>
<!DOCTYPE sqlMap PUBLIC "-//iBATIS.com//DTD SQL Map 2.0//EN" "http://ibatis.apache.org/dtd/sql-map-2.dtd">
<sqlMap namespace="bsc.popup.peopleGasFacilities">

	<!--
	==================================================================
	  # 설명	: typeAlias 선언
	  #	기능	: SETTING
	  #	TABLE	:
	==================================================================
	-->
	<typeAlias alias="hashMap" 			type="java.util.HashMap" />


	<!--
	==================================================================
	  # 설명	: 서민층가스시설개선 목록 보기
	  #	기능	: SELECT
	  #	TABLE	: V_GBM0501D_001
	==================================================================
	-->
	<select id="getList" parameterClass="hashMap" resultClass="hashMap">
		SELECT A.YEAR,
			   A.MON,
			   A.RSLT_CNT,
			   A.DEPT_CD,
			   C.DEPT_NM
		  FROM (
				SELECT YEAR,
		              MON,
		              DEPT_CD,
		              SUM (RSLT_CNT) RSLT_CNT
		         FROM V_GBM0501D_001 A
		         GROUP BY YEAR, MON, DEPT_CD ) A
	LEFT OUTER JOIN V_DEPTINFO C
	        ON A.DEPT_CD = C.DEPT_ID
		 WHERE A.YEAR = #findYear# AND A.MON = #findMon#
		 GROUP BY A.YEAR, A.MON, C.DEPT_NM, A.RSLT_CNT, A.DEPT_CD, C.DEPT_NM

	</select>

	<!--
	==================================================================
	  # 설명	: 서민층가스시설 목표 목록 보기
	  #	기능	: SELECT
	  #	TABLE	: V_GBM0501M_001
	==================================================================
	-->
	<select id="getTargetList" parameterClass="hashMap" resultClass="hashMap">
		SELECT B.YY AS YEAR,
	    	   B.BR_CD AS DEPT_CD,
	    	   C.DEPT_NM,
	    	   B.PLAN_AMT
		  FROM V_GBM0501M_001 B
	LEFT OUTER JOIN V_DEPTINFO C
			ON B.BR_CD = C.DEPT_ID
		 WHERE B.YY =  #findYear#
		   AND B.PLAN_AMT IS NOT NULL

	</select>

	<!--
	==================================================================
	  # 설명	: 시스템 연계항목 정보를 가져옴
	  #	기능	: SELECT
	  #	TABLE	:
	==================================================================
	-->
	<select id="getItem" remapResults="true" parameterClass="hashMap" resultClass="hashMap">
          SELECT A.ITEM_CD, B.CAL_TYPE_COL_NM
            FROM BSC_SYSTEM_ITEM A
               , BSC_CAL_TYPE_COL B
           WHERE A.YEAR = #findYear#
             AND A.YEAR = B.YEAR
             AND A.ITEM_CD = B.ITEM_CD
             AND B.METRIC_ID = #findMetricId#
             AND B.INSERT_GUBUN = '01'
           ORDER BY B.CAL_TYPE_COL_NM
	</select>

	<!--
	==================================================================
	  # 설명	: 시스템 연계 부서 목록 보기
	  #	기능	: SELECT
	  #	TABLE	:
	==================================================================
	-->
	<select id="getScDeptMapping" parameterClass="hashMap" resultClass="java.lang.String">
		SELECT DEPT_ID
		  FROM ( SELECT DEPT_ID
				   FROM BSC_SC_DEPT_MAPPING
				  WHERE YEAR = #findYear#
				    AND SC_DEPT_ID = #findScDeptCd# ORDER BY DEPT_ID )
		 WHERE ROWNUM = 1
	</select>

	<!--
	==================================================================
	  # 설명	: 시스템 연계 부서 목록 보기
	  #	기능	: SELECT
	  #	TABLE	:
	==================================================================
	-->
	<select id="getDeptInfo" parameterClass="hashMap" resultClass="hashMap">
		SELECT A.DEPT_ID, B.DEPT_NM
		  FROM BSC_SC_DEPT_MAPPING A
	LEFT OUTER JOIN BSC_DEPTINFO B
			ON A.DEPT_ID = B.DEPT_ID
		 WHERE (YEAR, SC_DEPT_ID) IN
		          (SELECT YEAR, SC_DEPT_ID
		             FROM BSC_METRIC
		            WHERE (METRIC_GRP_ID, YEAR) IN
		                     (SELECT METRIC_GRP_ID, YEAR
		                        FROM BSC_METRIC
		                       WHERE YEAR = #findYear# AND METRIC_ID = #findMetricId#)
		            AND DELETE_DT IS NULL)

	</select>


</sqlMap>


