<?xml version="1.0" encoding="UTF-8"?>
<!DOCTYPE sqlMap PUBLIC "-//iBATIS.com//DTD SQL Map 2.0//EN" "http://ibatis.apache.org/dtd/sql-map-2.dtd">
<sqlMap namespace="bsc.popup.planCheckSettle">

	<!--
	==================================================================
	  # 설명	: typeAlias 선언
	  #	기능	: SETTING
	  #	TABLE	:
	==================================================================
	-->
	<typeAlias alias="hashMap" 			type="java.util.HashMap" />


	<!--
	==================================================================
	  # 설명	: 시스템항목관리 목록 보기
	  #	기능	: SELECT
	  #	TABLE	: BSC_SYSTEM_ITEM
	==================================================================
	-->
	<select id="getList" parameterClass="hashMap" resultClass="hashMap">
	<!-- 계획등록업소수  -->
		<isEqual property="findItemCd" compareValue="S018D001">
		SELECT YY
            , MM
            , EMPN_NM
            , BR_CD
            , BR_NM
            , PERM_NM
            , SUM (NVL(C1_PLAN_QTY, 0) + NVL(C2_PLAN_QTY, 0)) AS ACTUAL
		FROM V_GHF0343M_001
		WHERE YY = #findYear#
		AND MM = #findMon#
		AND BR_CD = #findDeptId#
		GROUP BY YY, MM, BR_CD, BR_NM, PERM_NM, EMPN_NM
		ORDER BY BR_CD ASC
		</isEqual>
	<!--  정기검사 (정기검사)업소수 -->
		<isEqual property="findItemCd" compareValue="S018D002">
		SELECT YY
            , MM
            , EMPN_NM
            , BR_CD
            , BR_NM
            , PERM_NM
            , SUM (NVL(C1_INSP_QTY, 0) + NVL(C2_INSP_QTY, 0)) AS ACTUAL
		FROM V_GHF0343M_001
		WHERE YY = #findYear#
		AND MM = #findMon#
		AND BR_CD = #findDeptId#
		GROUP BY YY, MM, BR_CD, BR_NM, PERM_NM, EMPN_NM
		ORDER BY BR_CD ASC
		</isEqual>
	</select>

	<!--
	==================================================================
	  # 설명	: 시스템 연계항목 정보를 가져옴
	  #	기능	: SELECT
	  #	TABLE	:
	==================================================================
	-->
	<select id="getItem" remapResults="true" parameterClass="hashMap" resultClass="hashMap">
          SELECT A.ITEM_CD, B.CAL_TYPE_COL_NM
            FROM BSC_SYSTEM_ITEM A
               , BSC_CAL_TYPE_COL B
           WHERE A.YEAR = #findYear#
             AND A.YEAR = B.YEAR
             AND A.ITEM_CD = B.ITEM_CD
             AND B.METRIC_ID = #findMetricId#
             AND B.INSERT_GUBUN = '01'
           ORDER BY B.CAL_TYPE_COL_NM
	</select>

	<!--
	==================================================================   
	  # 설명	: 시스템 연계 부서 목록 보기
	  #	기능	: SELECT
	  #	TABLE	: 
	==================================================================
	-->
	<select id="getScDeptMapping" parameterClass="hashMap" resultClass="java.lang.String">
		SELECT DEPT_ID
		  FROM ( SELECT DEPT_ID 
				   FROM BSC_SC_DEPT_MAPPING
				  WHERE YEAR = #findYear# 
				    AND SC_DEPT_ID = #findScDeptCd# ORDER BY DEPT_ID )
		 WHERE ROWNUM = 1
	</select>


	<!--
	==================================================================
	  # 설명	: 부서조회
	  #	기능	: SELECT
	  #	TABLE	: BSC_DEPTINFO
	==================================================================
	-->
	<select id="getDeptList" parameterClass="hashMap" resultClass="hashMap">
		SELECT A.DEPT_ID, B.DEPT_NM
		  FROM BSC_SC_DEPT_MAPPING A
	LEFT OUTER JOIN BSC_DEPTINFO B
			ON A.DEPT_ID = B.DEPT_ID
		 WHERE (YEAR, SC_DEPT_ID) IN
		          (SELECT YEAR, SC_DEPT_ID
		             FROM BSC_METRIC
		            WHERE (METRIC_GRP_ID, YEAR) IN
		                     (SELECT METRIC_GRP_ID, YEAR
		                        FROM BSC_METRIC
		                       WHERE YEAR = #findYear# AND METRIC_ID = #findMetricId#)
		              AND DELETE_DT IS NULL)
<![CDATA[		   AND OULEVEL < 2 ]]>
	</select>

</sqlMap>


