<?xml version="1.0" encoding="UTF-8"?>
<!DOCTYPE sqlMap PUBLIC "-//iBATIS.com//DTD SQL Map 2.0//EN" "http://ibatis.apache.org/dtd/sql-map-2.dtd">
<sqlMap namespace="bsc.popup.productivityBranch">

	<!--
	==================================================================
	  # 설명	: typeAlias 선언
	  #	기능	: SETTING
	  #	TABLE	:
	==================================================================
	-->
	<typeAlias alias="hashMap" 			type="java.util.HashMap" />

	<!--
	==================================================================
	  # 설명	: 시스템 연계 부서 목록 보기
	  #	기능	: SELECT
	  #	TABLE	:
	==================================================================
	-->
	<select id="getDeptInfo" parameterClass="hashMap" resultClass="hashMap">
		SELECT A.DEPT_ID, B.DEPT_NM
		FROM BSC_SC_DEPT_MAPPING A
		LEFT OUTER JOIN BSC_DEPTINFO B
		ON A.DEPT_ID = B.DEPT_ID
		WHERE (YEAR, SC_DEPT_ID) IN
						          (SELECT YEAR, SC_DEPT_ID
		             				FROM BSC_METRIC
		            				WHERE (METRIC_GRP_ID, YEAR) IN
		                     									(SELECT METRIC_GRP_ID, YEAR
		                        								FROM BSC_METRIC
		                       									WHERE YEAR = #findYear# AND METRIC_ID = #findMetricId#)
		           					AND DELETE_DT IS NULL)
<![CDATA[		   AND OULEVEL < 2 ]]>
	</select>

	<!--
	==================================================================
	  # 설명	: 시스템 연계 부서 목록 보기
	  #	기능	: SELECT
	  #	TABLE	:
	==================================================================
	-->
	<select id="getScDeptMapping" parameterClass="hashMap" resultClass="java.lang.String">
		SELECT DEPT_ID
		  FROM ( SELECT DEPT_ID
				   FROM BSC_SC_DEPT_MAPPING
				  WHERE YEAR = #findYear#
				    AND SC_DEPT_ID = #findScDeptCd# ORDER BY DEPT_ID )
		 WHERE ROWNUM = 1
	</select>

	<!--
	==================================================================
	  # 설명	: 시스템 연계데이터 조회 목록 보기
	  #	기능	: SELECT
	  #	TABLE	:
	==================================================================
	-->
	<select id="getList" remapResults="true" parameterClass="hashMap" resultClass="hashMap">
		<!-- 업무처리건수 상대합 : S010D001 -->
		<isEqual property="findItemCd" compareValue="S010D001">
			SELECT YEAR
		      ,MON
		      ,DEPT_ID AS DEPT_CD
		      ,DEPT_NM
		      ,ROLE_TC_NM
		      ,INSP_KIND_TC_NM
		      ,LAW_TC_NM
		      ,STIC_LAG_TC_NM
		      ,STIC_MID_TC_NM
		      ,STIC_SML_TC_NM
		      ,INSP_QTY
		      ,RE_INSP_QTY
		      ,NVL(LENG, '0') AS LENG
		      ,TOTAL
		      ,RLTV_VAL
		      ,TOTAL_RLTV_VAL
		  FROM V_GHF0221D_004
		 WHERE YEAR = #findYear#
		   AND MON = #findMon#
		   AND DEPT_ID = #findDeptId#
		</isEqual>

		<!-- 기술인력수 : S010D002 -->
		<isEqual property="findItemCd" compareValue="S010D002">
			SELECT SUBSTR(A.YM, 1, 4) YEAR, SUBSTR(A.YM, 5, 2) MON, A.DEPT_ID DEPT_CD, ROUND(A.ENGINEER_CNT,3) AS TOT_ENGINEER_CNT, B.DEPT_NM
				 , ROUND(C.ENGINEER_CNT, 3) AS ENGINEER_CNT
				 , C.CAST_TC
				 , C.CAST_TC_NM
				 , ROWNUM AS CAST_INDEX
       			 , COUNT(A.DEPT_ID) OVER(PARTITION BY A.DEPT_ID) AS CAST_CNT
			  FROM BSC_I_USER_NUMBER A
			     , BSC_DEPTINFO B
			     , BSC_I_USER_NUMBER_DETAIL C 
			 WHERE A.YM = #findYear# || #findMon#
			   AND A.DEPT_ID = #findDeptId#
			   AND A.DEPT_ID = B.DEPT_ID
			   AND A.YM = C.YM
			   AND A.DEPT_ID = C.DEPT_ID
			   AND C.CAST_TC NOT IN ('10') 
		</isEqual>
	</select>

	<!--
	==================================================================
	  # 설명	: 시스템 연계항목 정보를 가져옴
	  #	기능	: SELECT
	  #	TABLE	:
	==================================================================
	-->
	<select id="getItem" remapResults="true" parameterClass="hashMap" resultClass="hashMap">
          SELECT A.ITEM_CD, B.CAL_TYPE_COL_NM
            FROM BSC_SYSTEM_ITEM A
               , BSC_CAL_TYPE_COL B
           WHERE A.YEAR = #findYear#
             AND A.YEAR = B.YEAR
             AND A.ITEM_CD = B.ITEM_CD
             AND B.METRIC_ID = #findMetricId#
             AND B.INSERT_GUBUN = '01'
           ORDER BY B.CAL_TYPE_COL_NM
	</select>
</sqlMap>


