<?xml version="1.0" encoding="UTF-8"?>
<!DOCTYPE sqlMap PUBLIC "-//iBATIS.com//DTD SQL Map 2.0//EN" "http://ibatis.apache.org/dtd/sql-map-2.dtd">
<sqlMap namespace="bsc.popup.rightProRatioTotEdu">

	<!--
	==================================================================
	  # 설명	: typeAlias 선언
	  #	기능	: SETTING
	  #	TABLE	:
	==================================================================
	-->
	<typeAlias alias="hashMap" 			type="java.util.HashMap" />


	<!--
	==================================================================
	  # 설명	: 시스템항목관리 목록 보기
	  #	기능	: SELECT
	  #	TABLE	: BSC_SYSTEM_ITEM
	==================================================================
	-->
	<select id="getList" parameterClass="hashMap" resultClass="hashMap">
	
		<!-- 교육운영부 적기계약건수(S054D001) -->
		<isEqual property="findItemCd" compareValue="S054D001">
				SELECT SUBSTR (AGRE_DATE, 0, 4) AS YEAR
				      ,SUBSTR (AGRE_DATE, 5, 2) AS MON
				      ,BUY_DEPT_CD AS DEPT_CD
				      ,BUY_KIND_TC_N_NM
				      ,BULC_CD_N
				      ,BUY_DEPT_CD_N
				      ,BUY_RQST_DEPT_CD_NM
				      ,AGRE_KIND_TC_NM
				      ,BUY_METH_TC_NM
				      ,BUY_RQST_DATE
				      ,AGRE_DATE
				      ,AGRE_ST_DATE
				      ,AGRE_TITL
				      ,TOT_AMT
				      ,CUST_CD_NM
				  FROM V_ADA0108M_001
				 WHERE  BUY_RQST_DATE - AGRE_DATE <![CDATA[<]]>= 7
		           AND TOT_AMT BETWEEN 1000000 AND 9999999
		           AND SUBSTR(AGRE_DATE, 0, 4) = #findYear#
				   AND SUBSTR(AGRE_DATE, 5, 2) = #findMon#
				   AND BUY_DEPT_CD = #findDeptId#
		            OR BUY_RQST_DATE - AGRE_DATE <![CDATA[<]]>= 10
		           AND TOT_AMT <![CDATA[>]]>= 10000000
		           AND SUBSTR(AGRE_DATE, 0, 4) = #findYear#
				   AND SUBSTR(AGRE_DATE, 5, 2) = #findMon#
				   AND BUY_DEPT_CD = #findDeptId#
			  ORDER BY BUY_DEPT_CD, BUY_RQST_DEPT_CD_NM, AGRE_KIND_TC_NM, BUY_METH_TC_NM,AGRE_TITL, TOT_AMT
		</isEqual>
		
		<!-- 교육운영부 총계약건수(S054D002) -->
		<isEqual property="findItemCd" compareValue="S054D002">
				SELECT SUBSTR (AGRE_DATE, 0, 4) AS YEAR
				      ,SUBSTR (AGRE_DATE, 5, 2) AS MON
				      ,BUY_DEPT_CD AS DEPT_CD
				      ,BUY_KIND_TC_N_NM
				      ,BULC_CD_N
				      ,BUY_DEPT_CD_N
				      ,BUY_RQST_DEPT_CD_NM
				      ,AGRE_KIND_TC_NM
				      ,BUY_METH_TC_NM
				      ,BUY_RQST_DATE
				      ,AGRE_DATE
				      ,AGRE_ST_DATE
				      ,AGRE_TITL
				      ,TOT_AMT
				      ,CUST_CD_NM
				  FROM V_ADA0108M_001
				 WHERE TOT_AMT <![CDATA[>]]> 1000000  
				   AND BUY_RQST_DATE IS NOT NULL
				   AND AGRE_DATE IS NOT NULL
				   AND SUBSTR(AGRE_DATE, 0, 4) = #findYear#
				   AND SUBSTR(AGRE_DATE, 5,2) = #findMon#
				   AND BUY_DEPT_CD = #findDeptId#
			  ORDER BY BUY_DEPT_CD, BUY_RQST_DEPT_CD_NM, AGRE_KIND_TC_NM, BUY_METH_TC_NM,AGRE_TITL, TOT_AMT
		</isEqual>
		
	</select>
	

	<!--
	==================================================================
	  # 설명	: 시스템항목관리 상세 보기
	  #	기능	: SELECT
	  #	TABLE	: BSC_SYSTEM_ITEM
	==================================================================
	-->
	<select id="getDetail" parameterClass="hashMap" resultClass="hashMap">
		SELECT A.YEAR
	         , A.ITEM_CD
	         , A.ITEM_NM
	         , A.ITEM_ACTUAL_DIVI
	         , A.ITEM_DIVI
	         , A.SYSTEM_GBN
	         , A.CONTENT
	         , A.EXCEL_USER_ID
	         , A.DEPT_APPLY_SCOPE
	         , B.USER_NM AS EXCEL_USER_NM
	         , CASE WHEN A.DELETE_DT IS NULL THEN 'Y' ELSE 'N' END USE_YN
	     FROM BSC_SYSTEM_ITEM A
	          LEFT OUTER JOIN V_ROLE_USER B ON A.EXCEL_USER_ID = B.USER_ID
		WHERE A.YEAR = #year#
		  AND A.ITEM_CD = #itemCd#
	</select>
	
	
	<!--
	==================================================================
	  # 설명	: 부서조회
	  #	기능	: SELECT
	  #	TABLE	: BSC_DEPTINFO
	==================================================================
	-->
	<select id="getDeptList" parameterClass="hashMap" resultClass="hashMap">
	
        <isEqual property="findItemCd" compareValue="S054D001">
			           SELECT A.DEPT_ID ,
		        		A.DEPT_NM || '(' || A.UP_DEPT_NM || ')' AS DEPT_NM
		    	   FROM BSC_DEPTINFO A     
		    INNER JOIN V_ADA0108M_001 B             
		            ON A.DEPT_ID = B.BUY_DEPT_CD        
		         WHERE BUY_RQST_DATE - AGRE_DATE <![CDATA[<]]>= 7
		           AND TOT_AMT BETWEEN 1000000 AND 9999999
		           AND SUBSTR(AGRE_DATE, 0, 4) = #findYear#
				   AND SUBSTR(AGRE_DATE, 5, 2) = #findMon#
		            OR BUY_RQST_DATE - AGRE_DATE <![CDATA[<]]>= 10
		           AND TOT_AMT <![CDATA[>]]>= 10000000
		           AND SUBSTR(AGRE_DATE, 0, 4) = #findYear#
				   AND SUBSTR(AGRE_DATE, 5, 2) = #findMon#
		      GROUP BY DEPT_NM,
		        	   DEPT_ID,
		        	   UP_DEPT_NM
    		ORDER BY  DEPT_NM ASC  
        </isEqual>
        
        <isEqual property="findItemCd" compareValue="S054D002">
			         SELECT A.DEPT_ID ,
			        		A.DEPT_NM || '(' || A.UP_DEPT_NM || ')' AS DEPT_NM
			    	   FROM BSC_DEPTINFO A     
			    INNER JOIN V_ADA0108M_001 B             
			            ON A.DEPT_ID = B.BUY_DEPT_CD        
			         WHERE TOT_AMT <![CDATA[>]]> 1000000 
			           AND BUY_RQST_DATE IS NOT NULL
			   		   AND AGRE_DATE IS NOT NULL
					   AND SUBSTR(B.AGRE_DATE, 0, 4) =  #findYear#    
			           AND SUBSTR(B.AGRE_DATE, 5, 2) =  #findMon#    
			      GROUP BY DEPT_NM,
			        	   DEPT_ID,
			        	   UP_DEPT_NM
	    ORDER BY  DEPT_NM ASC  
        </isEqual>
        
	</select>
	
	<!--
	==================================================================   
	  # 설명	: 시스템 연계 부서 목록 보기
	  #	기능	: SELECT
	  #	TABLE	: 
	==================================================================
	-->
	<select id="getScDeptMapping" parameterClass="hashMap" resultClass="java.lang.String">
		SELECT DEPT_ID FROM BSC_SC_DEPT_MAPPING WHERE YEAR = #findYear# AND SC_DEPT_ID = #findScDeptCd#
	</select>

	<!--
	==================================================================
	  # 설명	: 시스템항목관리 등록
	  #	기능	: INSERT
	  #	TABLE	: BSC_SYSTEM_ITEM
	==================================================================
	-->
	<insert id="insertData" parameterClass="hashMap">
		INSERT INTO BSC_SYSTEM_ITEM (
		             YEAR
		           , ITEM_CD
		           , ITEM_NM
		           , ITEM_ACTUAL_DIVI
		           , ITEM_DIVI
		           , SYSTEM_GBN
		           , CONTENT
		           , EXCEL_USER_ID
		           , DEPT_APPLY_SCOPE
		           , CREATE_DT
		           , MODIFY_DT
		           , DELETE_DT
		     ) VALUES (
		             #year#
		           , #itemCd#
		           , #itemNm#
		           , #itemActualDivi#
		           , #itemDivi#
		           , #systemGbn#
		           , #content#
		           , #excelUserId#
		           , #deptApplyScope#
		           , SYSDATE
		           , SYSDATE
		<isEqual property="useYn" compareValue="N">
		           , SYSDATE
		</isEqual>
		<isNotEqual property="useYn" compareValue="N">
		           , NULL
		</isNotEqual>
		            )
	</insert>

	<!--
	==================================================================
	  # 설명	: 시스템항목관리 수정
	  #	기능	: UPDATE
	  #	TABLE	: BSC_SYSTEM_ITEM
	==================================================================
	-->
	<update id="updateData" parameterClass="hashMap">
		UPDATE BSC_SYSTEM_ITEM
		   SET ITEM_NM          = #itemNm#
		     , ITEM_ACTUAL_DIVI = #itemActualDivi#
		     , ITEM_DIVI        = #itemDivi#
		     , SYSTEM_GBN       = #systemGbn#
		     , CONTENT          = #content#
		     , EXCEL_USER_ID    = #excelUserId#
		     , DEPT_APPLY_SCOPE = #deptApplyScope#
		     , MODIFY_DT        = SYSDATE
		<isEqual property="useYn" compareValue="N">
		     , DELETE_DT        = SYSDATE
		</isEqual>
		<isNotEqual property="useYn" compareValue="N">
		     , DELETE_DT        = NULL
		</isNotEqual>
		 WHERE YEAR = #year#
		   AND ITEM_CD = #itemCd#
	</update>


	<!--
	==================================================================
	  # 설명	: 시스템항목관리 삭제
	  #	기능	: UPDATE
	  #	TABLE	: BSC_SYSTEM_ITEM
	==================================================================
	-->
	<update id="deleteData" parameterClass="hashMap">
		UPDATE BSC_SYSTEM_ITEM
		   SET DELETE_DT = SYSDATE
		 WHERE 1 = 1
		   AND YEAR = #year#
		   AND ITEM_CD = #itemCd#
	</update>

<!--
	==================================================================   
	  # 설명	: 시스템 연계항목 정보를 가져옴
	  #	기능	: SELECT
	  #	TABLE	: 
	==================================================================
	-->
	<select id="getItem" remapResults="true" parameterClass="hashMap" resultClass="hashMap">
          SELECT A.ITEM_CD, B.CAL_TYPE_COL_NM
            FROM BSC_SYSTEM_ITEM A
               , BSC_CAL_TYPE_COL B
           WHERE A.YEAR = #findYear#
             AND A.YEAR = B.YEAR
             AND A.ITEM_CD = B.ITEM_CD
             AND B.METRIC_ID = #findMetricId#
           ORDER BY B.CAL_TYPE_COL_NM
	</select>
	
	
	<!--
	==================================================================
	  # 설명	: 연계개수 팝업 데이터 조회
	  #	기능	: SELECT
	  #	TABLE	: BSC_CAL_TYPE_COL, BSC_SYSTEM_ITEM
	==================================================================
	-->
	<select id="getPopItemCntList" parameterClass="hashMap" resultClass="hashMap">
		SELECT   A.YEAR
		       , C.SC_DEPT_ID
		       , D.SC_DEPT_NM
		       , A.METRIC_ID
		       , C.METRIC_NM
		       , A.CAL_TYPE_COL
		       , A.CAL_TYPE_COL_NM
		       , B.ITEM_CD
		       , B.ITEM_NM
		    FROM BSC_CAL_TYPE_COL A INNER JOIN BSC_SYSTEM_ITEM B ON A.YEAR = B.YEAR
		                                                       AND A.ITEM_CD = B.ITEM_CD
		                                                       AND B.DELETE_DT IS NULL
		         INNER JOIN BSC_METRIC C ON A.YEAR = C.YEAR
		                               AND A.METRIC_ID = C.METRIC_ID
		                               AND C.DELETE_DT IS NULL
		         INNER JOIN BSC_SC_DEPT D ON C.YEAR = D.YEAR
		                                AND C.SC_DEPT_ID = D.SC_DEPT_ID
		                                AND D.DELETE_DT IS NULL
		   WHERE A.YEAR = #findYear#
		     AND A.ITEM_CD = #findItemCd#
		     AND A.DELETE_DT IS NULL
		     AND A.ITEM_CD IS NOT NULL
		ORDER BY A.METRIC_ID, A.CAL_TYPE_COL
	</select>

	<!--
	==================================================================
	  # 설명	: 기존 권한 삭제
	  #	기능	: DELETE
	  #	TABLE	: BSC_ADMIN
	==================================================================
	-->
	<delete id="deleteAdmin" parameterClass="hashMap">
		DELETE FROM BSC_ADMIN
		 WHERE ADMIN_GUBUN IN ('20')
	</delete>

	<!--
	==================================================================
	  # 설명	: 엑셀담당자 입력
	  #	기능	: INSERT
	  #	TABLE	: BSC_ADMIN
	==================================================================
	-->
	<insert id="insertAdmin" parameterClass="hashMap">
		INSERT INTO BSC_ADMIN (ADMIN_GUBUN, USER_ID, DEPT_ID)
        SELECT DISTINCT '20'
            ,  A.EXCEL_USER_ID
            , (SELECT MAX(DEPT_ID) AS DEPT_ID
                 FROM V_ROLE_USER
                WHERE USER_ID = A.EXCEL_USER_ID)
          FROM BSC_SYSTEM_ITEM A
         WHERE A.DELETE_DT IS NULL
           AND A.EXCEL_USER_ID IS NOT NULL
	</insert>

</sqlMap>


