<?xml version="1.0" encoding="UTF-8"?>
<!DOCTYPE sqlMap PUBLIC "-//iBATIS.com//DTD SQL Map 2.0//EN" "http://ibatis.apache.org/dtd/sql-map-2.dtd">
<sqlMap namespace="bsc.popup.safeManageEdu">

	<!--
	==================================================================
	  # 설명	: typeAlias 선언
	  #	기능	: SETTING
	  #	TABLE	:
	==================================================================
	-->
	<typeAlias alias="hashMap" 			type="java.util.HashMap" />


	<!--
	==================================================================
	  # 설명	: 시스템항목관리 목록 보기
	  #	기능	: SELECT
	  #	TABLE	: BSC_SYSTEM_ITEM
	==================================================================
	-->
	<select id="getList" parameterClass="hashMap" resultClass="hashMap">
	<!-- 순회교육인원  -->
		<isEqual property="findItemCd" compareValue="S021D001">
		SELECT A.EDU_YY AS YEAR
            , A.EDU_MON AS MON
            , A.DEPT_CD AS BR_CD
            , B.DEPT_NM
            , A.EDU_DATE
            , A.EDU_TARG_DTL_TC_NM AS EDU
            , A.EDU_SITE
            , A.EDU_PESN AS ACTUAL
            , A.RMK
             FROM V_GGL0102D_001 A
        LEFT OUTER JOIN BSC_DEPTINFO B
        ON A.DEPT_CD = B.DEPT_ID
        WHERE A.EDU_YY = #findYear#
        AND A.EDU_MON = #findMon#
        AND A.DEPT_CD = #findDeptId#
        AND A.EDU_TARG_TC IN ('10', '20', '30')
        ORDER BY A.DEPT_CD ASC
		</isEqual>
	</select>

	<select id="getList1" parameterClass="hashMap" resultClass="hashMap">
	<!--  전문교육인원 -->
		<isEqual property="findItemCd" compareValue="S021D002">
		 SELECT A.SUMM_YY AS YEAR
       		, A.SUMM_MM AS MON
       		, A.BR_CD
       		, B.DEPT_NM
       		, A.INSP_KIND_TC_NM AS EDU
       		, A.STIC_LAG_TC_NM
       		, A.INSP_QTY AS ACTUAL
    	FROM V_GHF0221D_001 A LEFT OUTER JOIN BSC_DEPTINFO B ON A.BR_CD = B.DEPT_ID
   		WHERE A.SUMM_YY = #findYear#
         AND A.SUMM_MM = #findMon#
         AND A.BR_CD = #findDeptId#
         AND ROLE_TC = '31'
         AND INSP_KIND_TC = '07'
		ORDER BY DEPT_NM ASC
		</isEqual>
	</select>
	<!--
	==================================================================
	  # 설명	: 시스템 연계항목 정보를 가져옴
	  #	기능	: SELECT
	  #	TABLE	:
	==================================================================
	-->
	<select id="getItem" remapResults="true" parameterClass="hashMap" resultClass="hashMap">
          SELECT A.ITEM_CD, B.CAL_TYPE_COL_NM
            FROM BSC_SYSTEM_ITEM A
               , BSC_CAL_TYPE_COL B
           WHERE A.YEAR = #findYear#
             AND A.YEAR = B.YEAR
             AND A.ITEM_CD = B.ITEM_CD
             AND B.METRIC_ID = #findMetricId#
             AND B.INSERT_GUBUN = '01'
           ORDER BY B.CAL_TYPE_COL_NM
	</select>

	<!--
	==================================================================
	  # 설명	: 부서조회
	  #	기능	: SELECT
	  #	TABLE	: BSC_DEPTINFO
	==================================================================
	-->
	<select id="getDept" parameterClass="hashMap" resultClass="java.lang.String">
		SELECT DEPT_ID
		  FROM ( SELECT DEPT_ID 
				   FROM BSC_SC_DEPT_MAPPING
				  WHERE YEAR = #findYear# 
				    AND SC_DEPT_ID = #findScDeptCd# ORDER BY DEPT_ID )
		 WHERE ROWNUM = 1
	</select>


	<!--
	==================================================================
	  # 설명	: 부서조회
	  #	기능	: SELECT
	  #	TABLE	: BSC_DEPTINFO
	==================================================================
	-->
	<select id="getDeptList" parameterClass="hashMap" resultClass="hashMap">
		SELECT A.DEPT_ID, B.DEPT_NM
		  FROM BSC_SC_DEPT_MAPPING A
	LEFT OUTER JOIN BSC_DEPTINFO B
			ON A.DEPT_ID = B.DEPT_ID
		 WHERE (YEAR, SC_DEPT_ID) IN
		          (SELECT YEAR, SC_DEPT_ID
		             FROM BSC_METRIC
		            WHERE (METRIC_GRP_ID, YEAR) IN
		                     (SELECT METRIC_GRP_ID, YEAR
		                        FROM BSC_METRIC
		                       WHERE YEAR = #findYear# AND METRIC_ID = #findMetricId#)
		              AND DELETE_DT IS NULL)
<![CDATA[		   AND OULEVEL < 2 ]]>
	</select>

</sqlMap>


