<?xml version="1.0" encoding="UTF-8"?>
<!DOCTYPE sqlMap PUBLIC "-//iBATIS.com//DTD SQL Map 2.0//EN" "http://ibatis.apache.org/dtd/sql-map-2.dtd">
<sqlMap namespace="bsc.popup.salesAchievementRate">

	<!--
	==================================================================
	  # 설명	: typeAlias 선언
	  #	기능	: SETTING
	  #	TABLE	:
	==================================================================
	-->
	<typeAlias alias="hashMap" 			type="java.util.HashMap" />

	<!--
	==================================================================
	  # 설명	: 시스템 연계 부서 목록 보기
	  #	기능	: SELECT
	  #	TABLE	:
	==================================================================
	-->
		<select id="getDept" parameterClass="hashMap" resultClass="hashMap">
		SELECT A.DEPT_ID
          FROM BSC_DEPTINFO A
	LEFT OUTER JOIN BSC_SC_DEPT_MAPPING B
			ON A.DEPT_ID = B.DEPT_ID
		 WHERE B.YEAR = #findYear#
          <isNotEmpty prepend="AND" property="findScDeptCd">
          	B.SC_DEPT_ID = #findScDeptCd#
          </isNotEmpty>
          <isEmpty prepend="AND" property="findScDeptCd">
            B.DEPT_ID = #findDeptId#
          </isEmpty>
	</select>

	<!--
	==================================================================
	  # 설명	: 시스템 연계 부서 목록 보기
	  #	기능	: SELECT
	  #	TABLE	:
	==================================================================
	-->
	<select id="getScDeptMapping" parameterClass="hashMap" resultClass="java.lang.String">
		SELECT DEPT_ID
		  FROM ( SELECT DEPT_ID
				   FROM BSC_SC_DEPT_MAPPING
				  WHERE YEAR = #findYear#
				    AND SC_DEPT_ID = #findScDeptCd# ORDER BY DEPT_ID )
		 WHERE ROWNUM = 1
	</select>

	<!--
	==================================================================
	  # 설명	: 시스템 연계 부서 목록 보기
	  #	기능	: SELECT
	  #	TABLE	:
	==================================================================
	-->
	<select id="deptList" parameterClass="hashMap" resultClass="hashMap">
		SELECT A.DEPT_ID, B.DEPT_NM
		  FROM BSC_SC_DEPT_MAPPING A
	LEFT OUTER JOIN BSC_DEPTINFO B
			ON A.DEPT_ID = B.DEPT_ID
		 WHERE (YEAR, SC_DEPT_ID) IN
		          (SELECT YEAR, SC_DEPT_ID
		             FROM BSC_METRIC
		            WHERE (METRIC_GRP_ID, YEAR) IN
		                     (SELECT METRIC_GRP_ID, YEAR
		                        FROM BSC_METRIC
		                       WHERE YEAR = #findYear# AND METRIC_ID = #findMetricId#)
		              AND DELETE_DT IS NULL)
	</select>

	<!--
	==================================================================
	  # 설명	: 시스템 연계데이터 조회 목록 보기
	  #	기능	: SELECT
	  #	TABLE	:
	==================================================================
	-->
	<select id="getList" parameterClass="hashMap" resultClass="hashMap">
    	SELECT YEAR,
		       MON,
		       A.DEPT_CD,
		       B.DEPT_NM,
		       RPT_TC,
		       RPT_TC_NM,
		       ROLE_TC,
		       ROLE_TC_NM,
		       INSP_KIND_TC,
		       INSP_KIND_TC_NM,
		       LAW_TC,
		       LAW_TC_NM,
		       STIC_LAG_TC,
		       STIC_LAG_TC_NM,
		       STIC_MID_TC,
		       STIC_MID_TC_NM,
		       STIC_SML_TC,
		       STIC_SML_TC_NM,
		       CUM_REQ_QTY,
		       CUM_REQ_AMT,
		       CUM_INSP_QTY,
		       CUM_RE_REQ_QTY,
		       CUM_RE_REQ_AMT,
		       CUM_RE_INSP_QTY
		  FROM TABLE (BSC_SYSTEM_KGS.F_V_GHF0221D_LIST (#findYear#, #findMon#)) A
	LEFT OUTER JOIN BSC_DEPTINFO B
		       ON A.DEPT_CD = B.DEPT_ID
		 WHERE 1=1
			<isEqual property="findDeptId" compareValue="D006289">
			   AND A.DEPT_CD  IN ('4000', '4H00')
			</isEqual>
			<isEqual property="findDeptId" compareValue="1040">
			   AND A.DEPT_CD  IN ('4000', '4H00')
			</isEqual>
			<isEqual property="findDeptId" compareValue="D006288">
			   AND A.DEPT_CD  IN ('5100', '5200')
			</isEqual>
			<isEqual property="findDeptId" compareValue="1050">
			   AND A.DEPT_CD  IN ('5100', '5200')
			</isEqual>
			<isEqual property="findDeptId" compareValue="3100">
			   AND A.DEPT_CD  IN ('3100', '3F00')
			</isEqual>
			<isEqual property="findDeptId" compareValue="3F00">
			   AND A.DEPT_CD  IN ('3100', '3F00')
			</isEqual>
			<isEqual property="findDeptId" compareValue="1025">
			   AND A.DEPT_CD   IN ('3100', '3F00', '3J00', '3L00')
			</isEqual>
			<isEqual property="findDeptId" compareValue="1300">
			   AND A.YEAR = #findYear#
		   	</isEqual>
			<isEqual property="findDeptId" compareValue="1020">
			   AND A.YEAR = #findYear#
		   	</isEqual>
			<isEqual property="findDeptId" compareValue="1005">
			   AND A.YEAR = #findYear#
		   	</isEqual>
			<isEqual property="findDeptId" compareValue="2300">
			   AND A.DEPT_CD  = #findDeptId#
		   	</isEqual>
			<isEqual property="findDeptId" compareValue="3J00">
			   AND A.DEPT_CD  = #findDeptId#
		   	</isEqual>
			<isEqual property="findDeptId" compareValue="3L00">
			   AND A.DEPT_CD  = #findDeptId#
		   	</isEqual>

	</select>

	<!--
	==================================================================
	  # 설명	: 시스템 연계항목 정보를 가져옴
	  #	기능	: SELECT
	  #	TABLE	:
	==================================================================
	-->
	<select id="getItem" remapResults="true" parameterClass="hashMap" resultClass="hashMap">
          SELECT A.ITEM_CD, B.CAL_TYPE_COL_NM
            FROM BSC_SYSTEM_ITEM A
               , BSC_CAL_TYPE_COL B
           WHERE A.YEAR = #findYear#
             AND A.YEAR = B.YEAR
             AND A.ITEM_CD = B.ITEM_CD
             AND B.METRIC_ID = #findMetricId#
             AND B.INSERT_GUBUN = '01'
           ORDER BY B.CAL_TYPE_COL_NM
	</select>

</sqlMap>
