<?xml version="1.0" encoding="UTF-8"?>
<!DOCTYPE sqlMap PUBLIC "-//iBATIS.com//DTD SQL Map 2.0//EN" "http://ibatis.apache.org/dtd/sql-map-2.dtd">
<sqlMap namespace="bsc.popup.supplyFacilitiesRate">

	<!--
	==================================================================
	  # 설명	: typeAlias 선언
	  #	기능	: SETTING
	  #	TABLE	:
	==================================================================
	-->
	<typeAlias alias="hashMap" 			type="java.util.HashMap" />


	<!--
	==================================================================
	  # 설명	: 시스템항목관리 목록 보기
	  #	기능	: SELECT
	  #	TABLE	: BSC_SYSTEM_ITEM
	==================================================================
	-->
	<select id="getList" parameterClass="hashMap" resultClass="hashMap">
		<!-- 검사대상건수(허가시설) : S005D001 -->
		<isEqual property="findItemCd" compareValue="S005D001">
                SELECT A.YEAR, SUBSTR(A.INSP_PLAN_DATE, 5, 2) MON, A.DEPT_CD, A.PERM_TC, A.IMP_GUBUN, A.CO_NO, A.EQUI_NO, A.EQUI_NM
                     , A.CO_NM, A.BSNO, A.ADDR, A.INSP_NM, A.SER, A.INSP_PLAN_DATE, A.REAL_INSP_DATE
                     , A.FORE_COMS, A.IMP_COMS, A.RMK, A.PROC_TC, A.IMP_CD, A.PROC_NM
                     , (SELECT COMM_C_NM FROM MAORA01.MDA0000M WHERE SYS_TC = 'GIZ' AND KIND_TC = '0003' AND COMM_C = A.PERM_TC) PERM_TC_NM
                  FROM V_GHF0301M_001 A
                 WHERE A.YEAR = #findYear#
                   AND SUBSTR(A.INSP_PLAN_DATE, 5, 2) = #findMon#
                   AND (
                            (A.IMP_GUBUN = '0104' AND A.PERM_TC IN ('011', '021', '031', '041', '042', '043', '061', '062', '072', '081', '082', '092', '211', '221', '231'))
                        OR  (A.IMP_GUBUN = '1501' AND A.PERM_TC IN ('042'))
                       )
                   AND A.INSP_PLAN_DATE IS NOT NULL
                   AND A.RMK IS NULL AND A.PROC_TC IS NULL
                   AND A.DEPT_CD = #findDeptId#
                 ORDER BY A.INSP_PLAN_DATE, A.EQUI_NM
		</isEqual>

		<!-- 검사대상건수(공급시설) : S005D002 -->
		<isEqual property="findItemCd" compareValue="S005D002">
                SELECT A.YY YEAR, SUBSTR(A.INSP_PLAN_DATE, 5, 2) MON, A.BR_CD DEPT_CD, '' PERM_TC, A.IMP_GUBUN, A.CO_NO, A.EQUI_NO, A.EQUI_NM
                     , A.CO_NM, A.BSNO, A.ADDR, A.INSP_NM, A.SER, A.INSP_PLAN_DATE, A.REAL_INSP_DATE
                     , A.FORE_COMS, A.IMP_COMS, A.RMK, A.PROC_TC, A.IMP_CD, A.PROC_NM
                     , '' PERM_TC_NM
                  FROM V_GHF0311M_001 A
                 WHERE A.YY = #findYear#
                   AND SUBSTR(A.INSP_PLAN_DATE, 5, 2) = #findMon#
                   AND A.INSP_PLAN_DATE IS NOT NULL
                   AND A.RMK IS NULL AND PROC_TC IS NULL
                   AND A.EQUI_TC IN (1, 2, 3)        <!-- 1. 정압기, 2. 아파트, 3.배관 -->
                   AND A.BR_CD = #findDeptId#
                 ORDER BY A.INSP_PLAN_DATE, A.EQUI_NM
		</isEqual>

		<!-- 검사대상 중 검사건수(허가시설) : S005D003 -->
		<isEqual property="findItemCd" compareValue="S005D003">
                SELECT A.YEAR, SUBSTR(A.REAL_INSP_DATE, 5, 2) MON, A.DEPT_CD, A.PERM_TC, A.IMP_GUBUN, A.CO_NO, A.EQUI_NO, A.EQUI_NM
                     , A.CO_NM, A.BSNO, A.ADDR, A.INSP_NM, A.SER, A.INSP_PLAN_DATE, A.REAL_INSP_DATE
                     , A.FORE_COMS, A.IMP_COMS, A.RMK, A.PROC_TC, A.IMP_CD, A.PROC_NM
                     , (SELECT COMM_C_NM FROM MAORA01.MDA0000M WHERE SYS_TC = 'GIZ' AND KIND_TC = '0003' AND COMM_C = A.PERM_TC) PERM_TC_NM
                  FROM V_GHF0301M_001 A
                 WHERE A.YEAR = #findYear#
                   AND SUBSTR(A.REAL_INSP_DATE, 5, 2) = #findMon#
                   AND (
                            (A.IMP_GUBUN = '0104' AND A.PERM_TC IN ('011', '021', '031', '041', '042', '043', '061', '062', '072', '081', '082', '092', '211', '221', '231'))
                        OR  (A.IMP_GUBUN = '1501' AND A.PERM_TC IN ('042'))
                       )
                   AND A.REAL_INSP_DATE IS NOT NULL
                   AND A.RMK IS NULL AND A.PROC_TC IS NULL
                   AND A.DEPT_CD = #findDeptId#
                 ORDER BY A.REAL_INSP_DATE, A.EQUI_NM
		</isEqual>

		<!-- 검사대상 중 검사건수(공급시설) : S005D004 -->
		<isEqual property="findItemCd" compareValue="S005D004">
                SELECT A.YY YEAR, SUBSTR(A.REAL_INSP_DATE, 5, 2) MON, A.BR_CD DEPT_CD, '' PERM_TC, A.IMP_GUBUN, A.CO_NO, A.EQUI_NO, A.EQUI_NM
                     , A.CO_NM, A.BSNO, A.ADDR, A.INSP_NM, A.SER, A.INSP_PLAN_DATE, A.REAL_INSP_DATE
                     , A.FORE_COMS, A.IMP_COMS, A.RMK, A.PROC_TC, A.IMP_CD, A.PROC_NM
                     , '' PERM_TC_NM
                  FROM V_GHF0311M_001 A
                 WHERE A.YY = #findYear#
                   AND SUBSTR(A.REAL_INSP_DATE, 5, 2) = #findMon#
                   AND A.REAL_INSP_DATE IS NOT NULL
                   AND A.RMK IS NULL AND PROC_TC IS NULL
                   AND A.EQUI_TC IN (1, 2, 3)        <!-- 1. 정압기, 2. 아파트, 3.배관 -->
                   AND A.BR_CD = #findDeptId#
                 ORDER BY A.REAL_INSP_DATE, A.EQUI_NM
		</isEqual>
	</select>

	<!--
	==================================================================
	  # 설명	: 시스템 연계 부서 목록 보기
	  #	기능	: SELECT
	  #	TABLE	:
	==================================================================
	-->
	<select id="getScDeptMapping" parameterClass="hashMap" resultClass="java.lang.String">
		 SELECT DEPT_ID
		  FROM ( SELECT DEPT_ID 
				   FROM BSC_SC_DEPT_MAPPING
				  WHERE YEAR = #findYear# 
				    AND SC_DEPT_ID = #findScDeptCd# ORDER BY DEPT_ID )
		 WHERE ROWNUM = 1
	</select>

	<!--
	==================================================================
	  # 설명	: 시스템 연계항목 정보를 가져옴
	  #	기능	: SELECT
	  #	TABLE	:
	==================================================================
	-->
	<select id="getItem" remapResults="true" parameterClass="hashMap" resultClass="hashMap">
          SELECT A.ITEM_CD, B.CAL_TYPE_COL_NM
            FROM BSC_SYSTEM_ITEM A
               , BSC_CAL_TYPE_COL B
           WHERE A.YEAR = #findYear#
             AND A.YEAR = B.YEAR
             AND A.ITEM_CD = B.ITEM_CD
             AND B.METRIC_ID = #findMetricId#
             AND B.INSERT_GUBUN = '01'
           ORDER BY B.CAL_TYPE_COL_NM
	</select>

	<!--
	==================================================================
	  # 설명	: 연계테스트 부서 가져오기
	  #	기능	: SELECT
	  #	TABLE	: BSC_SYSTEM_ITEM
	==================================================================
	-->
	<select id="getDeptList" parameterClass="hashMap" resultClass="hashMap">
			SELECT A.DEPT_ID, B.DEPT_NM
		  FROM BSC_SC_DEPT_MAPPING A
	LEFT OUTER JOIN BSC_DEPTINFO B
			ON A.DEPT_ID = B.DEPT_ID
		 WHERE (YEAR, SC_DEPT_ID) IN
		          (SELECT YEAR, SC_DEPT_ID
		             FROM BSC_METRIC
		            WHERE (METRIC_GRP_ID, YEAR) IN
		                     (SELECT METRIC_GRP_ID, YEAR
		                        FROM BSC_METRIC
		                       WHERE YEAR = #findYear# AND METRIC_ID = #findMetricId#)
		              AND DELETE_DT IS NULL)
<![CDATA[		   AND OULEVEL < 2 ]]>
  
	</select>
</sqlMap>