<?xml version="1.0" encoding="UTF-8"?>
<!DOCTYPE sqlMap PUBLIC "-//iBATIS.com//DTD SQL Map 2.0//EN" "http://ibatis.apache.org/dtd/sql-map-2.dtd">
<sqlMap namespace="bsc.common.evalGradeScore">

	<!--
	==================================================================   
	  # 설명	: typeAlias 선언
	  #	기능	: SETTING
	  #	TABLE	: BSC_ECM_GRADE_DISTRI_EVAL_ITEM
	==================================================================
	-->
	<typeAlias alias="hashMap" 			type="java.util.HashMap" />
	 

	<!--
	==================================================================   
	  # 설명	: 점수환산표 목록 보기
	  #	기능	: SELECT
	  #	TABLE	: BSC_ECM_GRADE_DISTRI_EVAL_ITEM
	==================================================================
	-->
	<select id="getList" parameterClass="hashMap" resultClass="hashMap">
		SELECT YEAR,
               EVAL_METHOD_ID,
               GRADE_ITEM_ID,
               GRADE_ITEM_NM,
               GRADE_ITEM_SCORE,
               SORT_ORDER
          FROM BSC_ECM_GRADE_DISTRI_EVAL_ITEM
         WHERE YEAR=#findYear# 
           AND EVAL_METHOD_ID=#findEvalMethodId#
         ORDER BY SORT_ORDER  
	</select>
	
	<!--
	==================================================================   
	  # 설명	: 점수환산표 상세 보기
	  #	기능	: SELECT
	  #	TABLE	: BSC_ECM_GRADE_DISTRI_EVAL_ITEM
	==================================================================
	-->
	<select id="getDetail" parameterClass="hashMap" resultClass="hashMap">
		SELECT YEAR                  
			 , EVAL_METHOD_ID        
			 , GRADE_ITEM_ID         
			 , GRADE_ITEM_NM         
			 , GRADE_ITEM_SCORE      
			 , SORT_ORDER            
		  FROM BSC_ECM_GRADE_DISTRI_EVAL_ITEM 
		 WHERE YEAR = #year#
		   AND EVAL_METHOD_ID = #evalMethodId#
		   AND GRADE_ITEM_ID = #gradeItemId#	      
	</select>
	
	<!--
	==================================================================   
	  # 설명	: 점수환산표 등록
	  #	기능	: INSERT
	  #	TABLE	: BSC_ECM_GRADE_DISTRI_EVAL_ITEM
	==================================================================
	-->	
	<insert id="insertData" parameterClass="hashMap">
		<selectKey resultClass="java.lang.String" keyProperty="SEQ" >
			SELECT 'GD'||LPAD(NVL(MAX(SUBSTR(GRADE_ITEM_ID,3,5)),0)+1,5,'0') 
			  FROM BSC_ECM_GRADE_DISTRI_EVAL_ITEM 
			 WHERE YEAR = #year# 
			   AND EVAL_METHOD_ID = #evalMethodId#
		</selectKey>
		INSERT INTO BSC_ECM_GRADE_DISTRI_EVAL_ITEM ( 
			   YEAR
			 , EVAL_METHOD_ID
			 , GRADE_ITEM_ID
			 , GRADE_ITEM_NM
			 , GRADE_ITEM_SCORE
			 , SORT_ORDER
			 , CREATE_DT
			 ) VALUES ( 
			   #year#
			 , #evalMethodId#
			 , #SEQ#
			 , #gradeItemNm#
			 , #gradeItemScore#
			 , #sortOrder#
			 , SYSDATE
			 )
	</insert>	
	
	<!--
	==================================================================   
	  # 설명	: 점수환산표 수정
	  #	기능	: UPDATE
	  #	TABLE	: BSC_ECM_GRADE_DISTRI_EVAL_ITEM
	==================================================================
	-->	
	<update id="updateData" parameterClass="hashMap">
		UPDATE BSC_ECM_GRADE_DISTRI_EVAL_ITEM 
		   SET GRADE_ITEM_NM          = #gradeItemNm# 
			 , GRADE_ITEM_SCORE       = #gradeItemScore# 
			 , SORT_ORDER             = #sortOrder# 
			 , MODIFY_DT              = SYSDATE 
		 WHERE YEAR = #year#
		   AND EVAL_METHOD_ID = #evalMethodId#
		   AND GRADE_ITEM_ID = #gradeItemId#		
	</update>	
	

	<!--
	==================================================================   
	  # 설명	: 점수환산표 삭제
	  #	기능	: UPDATE
	  #	TABLE	: BSC_ECM_GRADE_DISTRI_EVAL_ITEM
	==================================================================
	-->	
	<update id="deleteData" parameterClass="hashMap">
		DELETE FROM BSC_ECM_GRADE_DISTRI_EVAL_ITEM 
		 WHERE YEAR = #year#
		   AND EVAL_METHOD_ID = #evalMethodId#
		   AND GRADE_ITEM_ID = #gradeItemId#
	</update>
	
	
</sqlMap>


