<?xml version="1.0" encoding="UTF-8"?>
<!DOCTYPE sqlMap PUBLIC "-//iBATIS.com//DTD SQL Map 2.0//EN" "http://ibatis.apache.org/dtd/sql-map-2.dtd">
<sqlMap namespace="bsc.common.evalGradeDistri">

	<!--
	==================================================================   
	  # 설명	: typeAlias 선언
	  #	기능	: SETTING
	  #	TABLE	: BSC_ECM_GRADE_DISTRI_EVAL_ITEM
	==================================================================
	-->
	<typeAlias alias="hashMap" 			type="java.util.HashMap" />
	 

	<!--
	==================================================================   
	  # 설명	: 등급배분표 목록 보기
	  #	기능	: SELECT
	  #	TABLE	: BSC_ECM_GRADE_DISTRI_EVAL_ITEM
	==================================================================
	-->
	<select id="getList" parameterClass="hashMap" resultClass="hashMap">
		SELECT YEAR,
               EVAL_METHOD_ID,
               GRADE_ITEM_ID,
               GRADE_ITEM_NM,
               GRADE_ITEM_RATE,
               GRADE_ITEM_SCORE,
               SORT_ORDER
          FROM BSC_ECM_GRADE_DISTRI_EVAL_ITEM
         WHERE YEAR=#findYear# 
           AND EVAL_METHOD_ID=#findEvalMethodId#
         ORDER BY SORT_ORDER
	</select>
	
	<!--
	==================================================================   
	  # 설명	: 등급배분표 상세 보기
	  #	기능	: SELECT
	  #	TABLE	: BSC_ECM_GRADE_DISTRI_EVAL_ITEM
	==================================================================
	-->
	<select id="getDetail" parameterClass="hashMap" resultClass="hashMap">
		SELECT YEAR                  
			 , EVAL_METHOD_ID        
			 , GRADE_ITEM_ID         
			 , GRADE_ITEM_NM         
			 , GRADE_ITEM_RATE       
			 , GRADE_ITEM_SCORE      
			 , SORT_ORDER            
		  FROM BSC_ECM_GRADE_DISTRI_EVAL_ITEM 
		 WHERE 1 = 1 
		   AND YEAR = #year#
		   AND EVAL_METHOD_ID = #evalMethodId#
		   AND GRADE_ITEM_ID = #gradeItemId#	      
	</select>
	
	
	
	
	<!--
	==================================================================   
	  # 설명	: 등급배분표 현황조회 
	  #	기능	: SELECT
	  #	TABLE	: 
	==================================================================
	-->
	<select id="evalGradeDistriTabMngList" parameterClass="hashMap" resultClass="hashMap" remapResults="true">
		SELECT ITEM_CNT ,
			<iterate property="itemArray" conjunction=",">
		       $itemArray[]$
		    </iterate>
		    ,
		    CASE WHEN ITEM_CNT = ( 0 +
								    <iterate property="itemArray" conjunction="+">
								       NVL( $itemArray[]$ , 0 ) 
								    </iterate>
								 )
				 THEN 'Y' ELSE 'N' 
		    END AS VALIDATE_SUM_YN
		  FROM 
			(SELECT ITEM_CNT,
			    <iterate property="itemArray" conjunction=",">
			       MAX( CASE WHEN GRADE_ITEM_ID = '$itemArray[]$' THEN ITEM_DISTRI_CNT ELSE NULL END ) AS $itemArray[]$
			    </iterate>
			  FROM BSC_ECM_GRADE_DISTRI_TAB
			 WHERE 1=1
			   AND YEAR = #findYear#
			   AND EVAL_METHOD_ID = #findEvalMethodId#
			 GROUP BY ITEM_CNT
			) 
		 ORDER BY ITEM_CNT
	</select>
	
	
	
	<!--
	==================================================================   
	  # 설명	: 등급배분표 등록
	  #	기능	: INSERT
	  #	TABLE	: BSC_ECM_GRADE_DISTRI_EVAL_ITEM
	==================================================================
	-->	
	<insert id="insertData" parameterClass="hashMap">
		<selectKey resultClass="java.lang.String" keyProperty="SEQ" >
			SELECT 'GD'||LPAD(NVL(MAX(SUBSTR(GRADE_ITEM_ID,3,5)),0)+1,5,'0') FROM BSC_ECM_GRADE_DISTRI_EVAL_ITEM WHERE YEAR=#year#
		</selectKey>
		INSERT INTO BSC_ECM_GRADE_DISTRI_EVAL_ITEM ( 
			   YEAR
			 , EVAL_METHOD_ID
			 , GRADE_ITEM_ID
			 , GRADE_ITEM_NM
			 , GRADE_ITEM_RATE
			 , GRADE_ITEM_SCORE
			 , SORT_ORDER
			 , CREATE_DT
			 ) VALUES ( 
			   #year#
			 , #evalMethodId#
			 , #SEQ#
			 , #gradeItemNm#
			 , #gradeItemRate#
			 , #gradeItemScore#
			 , #sortOrder#
			 , SYSDATE
			 )
	</insert>	
	
	<!--
	==================================================================   
	  # 설명	: 등급배분표 수정
	  #	기능	: UPDATE
	  #	TABLE	: BSC_ECM_GRADE_DISTRI_EVAL_ITEM
	==================================================================
	-->	
	<update id="updateData" parameterClass="hashMap">
		UPDATE BSC_ECM_GRADE_DISTRI_EVAL_ITEM 
		   SET GRADE_ITEM_NM          = #gradeItemNm# 
			 , GRADE_ITEM_RATE        = #gradeItemRate# 
			 , GRADE_ITEM_SCORE       = #gradeItemScore# 
			 , SORT_ORDER             = #sortOrder# 
			 , MODIFY_DT              = SYSDATE 
		 WHERE YEAR = #year#
		   AND EVAL_METHOD_ID = #evalMethodId#
		   AND GRADE_ITEM_ID = #gradeItemId#		
	</update>	
	

	<!--
	==================================================================   
	  # 설명	: 등급배분표 삭제
	  #	기능	: UPDATE
	  #	TABLE	: BSC_ECM_GRADE_DISTRI_EVAL_ITEM
	==================================================================
	-->	
	<update id="deleteData" parameterClass="hashMap">
		DELETE FROM BSC_ECM_GRADE_DISTRI_EVAL_ITEM 
		 WHERE YEAR = #year#
		   AND EVAL_METHOD_ID = #evalMethodId#
		   AND GRADE_ITEM_ID = #gradeItemId#
	</update>
	
	
	
	
	<!--
	==================================================================   
	  # 설명	: 등급배분표 등록
	  #	기능	: INSERT
	  #	TABLE	: BSC_ECM_GRADE_DISTRI_TAB
	==================================================================
	-->	
	<insert id="insertTabMngData" parameterClass="hashMap">
		INSERT INTO BSC_ECM_GRADE_DISTRI_TAB ( 
			   YEAR
			 , EVAL_METHOD_ID
			 , GRADE_ITEM_ID
			 , ITEM_CNT
			 , ITEM_DISTRI_CNT
			 , CREATE_DT
			 ) VALUES ( 
			   #year#
			 , #evalMethodId#
			 , #gradeItemId#
			 , #itemCnt#
			 , #itemDistriCnt#
			 , SYSDATE
			 )
	</insert>	
	
	
	<!--
	==================================================================   
	  # 설명	: 등급배분표 상세  삭제
	  #	기능	: UPDATE
	  #	TABLE	: BSC_ECM_GRADE_DISTRI_TAB
	==================================================================
	-->	
	<update id="deleteTabMngData" parameterClass="hashMap">
		DELETE FROM BSC_ECM_GRADE_DISTRI_TAB 
		 WHERE YEAR = #year#
		   AND EVAL_METHOD_ID = #evalMethodId#
	</update>
	
	
</sqlMap>


