<?xml version="1.0" encoding="UTF-8"?>
<!DOCTYPE sqlMap PUBLIC "-//iBATIS.com//DTD SQL Map 2.0//EN" "http://ibatis.apache.org/dtd/sql-map-2.dtd">
<sqlMap namespace="bsc.common.evalGrade">

	<!--
	==================================================================   
	  # 설명	: typeAlias 선언
	  #	기능	: SETTING
	  #	TABLE	: BSC_ECM_EVAL_GRADE_CONVERT_TAB
	==================================================================
	-->
	<typeAlias alias="hashMap" 			type="java.util.HashMap" />
	 

	<!--
	==================================================================   
	  # 설명	: 평가등급및환산표 목록 보기
	  #	기능	: SELECT
	  #	TABLE	: BSC_ECM_EVAL_GRADE_CONVERT_TAB
	==================================================================
	-->
	<select id="getList" parameterClass="hashMap" resultClass="hashMap">
		SELECT DISTINCT A.YEAR,
               A.EVAL_METHOD_ID,
               A.EVAL_METHOD_NM,
               A.EVAL_METHOD_GBN_ID,
               F_CODE_NM('148', A.EVAL_METHOD_GBN_ID, A.YEAR) EVAL_METHOD_GBN_NM,   
               CONTENT,
               COUNT(B.GRADE_ITEM_ID) OVER(PARTITION BY B.EVAL_METHOD_ID)
               AS GRADE_ITEM_CNT
          FROM BSC_ECM_EVAL_GRADE_CONVERT_TAB A
          LEFT OUTER JOIN BSC_ECM_GRADE_DISTRI_EVAL_ITEM B ON A.YEAR=B.YEAR AND A.EVAL_METHOD_ID=B.EVAL_METHOD_ID
         WHERE A.YEAR = #findYear#     
		     <isEqual prepend="AND" property="findUseYn" compareValue="Y">
	       	 A.DELETE_DT IS NULL
	         </isEqual>
	         <isNotEqual prepend="AND" property="findUseYn" compareValue="Y">
	         A.DELETE_DT IS NOT NULL
	         </isNotEqual>
	       ORDER BY EVAL_METHOD_ID
	</select>
	
	<!--
	==================================================================   
	  # 설명	: 평가등급및환산표 상세 보기
	  #	기능	: SELECT
	  #	TABLE	: BSC_ECM_EVAL_GRADE_CONVERT_TAB
	==================================================================
	-->
	<select id="getDetail" parameterClass="hashMap" resultClass="hashMap">
		SELECT YEAR                  
			 , EVAL_METHOD_ID        
			 , EVAL_METHOD_NM        
			 , EVAL_METHOD_GBN_ID    
			 , CONTENT          
			 , CASE WHEN DELETE_DT IS NULL THEN 'Y' ELSE 'N' END AS USE_YN             
		  FROM BSC_ECM_EVAL_GRADE_CONVERT_TAB 
		 WHERE 1 = 1 
		   AND YEAR = #year#
		   AND EVAL_METHOD_ID = #evalMethodId#	      
	</select>
	
	<!--
	==================================================================   
	  # 설명	: 평가등급및환산표 등록
	  #	기능	: INSERT
	  #	TABLE	: BSC_ECM_EVAL_GRADE_CONVERT_TAB
	==================================================================
	-->	
	<insert id="insertData" parameterClass="hashMap">
		<selectKey resultClass="java.lang.String" keyProperty="SEQ" >
			SELECT 'G'||LPAD(NVL(MAX(SUBSTR(EVAL_METHOD_ID,2,6)),0)+1,6,'0') FROM BSC_ECM_EVAL_GRADE_CONVERT_TAB WHERE YEAR=#year#
		</selectKey>
		INSERT INTO BSC_ECM_EVAL_GRADE_CONVERT_TAB ( 
			   YEAR
			 , EVAL_METHOD_ID
			 , EVAL_METHOD_NM
			 , EVAL_METHOD_GBN_ID
			 , CONTENT
			 , CREATE_DT
			 , DELETE_DT
			 ) VALUES ( 
			   #year#
			 , #SEQ#
			 , #evalMethodNm#
			 , #evalMethodGbnId#
			 , #content#
			 , SYSDATE
			 ,
			 <isEqual property="useYn" compareValue="Y">
		     NULL
		     </isEqual>
		     <isNotEqual property="useYn" compareValue="Y">
		     SYSDATE
		     </isNotEqual>
			 )
	</insert>	
	
	<!--
	==================================================================   
	  # 설명	: 평가등급및환산표 수정
	  #	기능	: UPDATE
	  #	TABLE	: BSC_ECM_EVAL_GRADE_CONVERT_TAB
	==================================================================
	-->	
	<update id="updateData" parameterClass="hashMap">
		UPDATE BSC_ECM_EVAL_GRADE_CONVERT_TAB 
		   SET EVAL_METHOD_NM         = #evalMethodNm# 
			 , EVAL_METHOD_GBN_ID     = #evalMethodGbnId# 
			 , CONTENT                = #content# 
			 , MODIFY_DT              = SYSDATE 
			 ,
			 <isEqual property="useYn" compareValue="Y">
	         DELETE_DT = NULL
	         </isEqual>
	         <isNotEqual property="useYn" compareValue="Y">
	         DELETE_DT = SYSDATE
	         </isNotEqual>
		 WHERE YEAR = #year#
		   AND EVAL_METHOD_ID = #evalMethodId#		
	</update>	
	

	<!--
	==================================================================   
	  # 설명	: 평가등급및환산표 삭제
	  #	기능	: UPDATE
	  #	TABLE	: BSC_ECM_EVAL_GRADE_CONVERT_TAB
	==================================================================
	-->	
	<update id="deleteData" parameterClass="hashMap">
		UPDATE BSC_ECM_EVAL_GRADE_CONVERT_TAB 
		   SET DELETE_DT       = SYSDATE 
		 WHERE YEAR = #year#
		   AND EVAL_METHOD_ID = #evalMethodId#
	</update>
	
	
</sqlMap>


