<?xml version="1.0" encoding="UTF-8"?>
<!DOCTYPE sqlMap PUBLIC "-//iBATIS.com//DTD SQL Map 2.0//EN" "http://ibatis.apache.org/dtd/sql-map-2.dtd">
<sqlMap namespace="bsc.mon.deptSummaryReport">

	<!--
	==================================================================   
	  # 설명	: typeAlias 선언
	  #	기능	: SETTING
	  #	TABLE	: 
	==================================================================
	-->
	<typeAlias alias="hashMap" 			type="java.util.HashMap" />
	 

	<!--
	==================================================================   
	  # 설명	: 부서별요약보고서 목록 보기
	  #	기능	: SELECT
	  #	TABLE	: 
	==================================================================
	-->
	<select id="getList" parameterClass="hashMap" resultClass="hashMap">
		SELECT * FROM BSC_CODE_GRP ORDER BY CODE_GRP_ID ASC
	</select>
	
	<!--
	==================================================================   
	  # 설명	: 부서별요약보고서 상세 보기
	  #	기능	: SELECT
	  #	TABLE	: 
	==================================================================
	-->
	<select id="getDetail" parameterClass="hashMap" resultClass="hashMap">
           
	</select>
	
	<!--
	==================================================================   
	  # 설명	: 부서별요약보고서 등록
	  #	기능	: INSERT
	  #	TABLE	: 
	==================================================================
	-->	
	<insert id="insertData" parameterClass="hashMap">

	</insert>	
	
	<!--
	==================================================================   
	  # 설명	: 부서별요약보고서 수정
	  #	기능	: UPDATE
	  #	TABLE	: 
	==================================================================
	-->	
	<update id="updateData" parameterClass="hashMap">
		
	</update>	
	

	<!--
	==================================================================   
	  # 설명	: 부서별요약보고서 삭제
	  #	기능	: UPDATE
	  #	TABLE	: 
	==================================================================
	-->	
	<update id="deleteData" parameterClass="hashMap">

	</update>
	
	
</sqlMap>


