<?xml version="1.0" encoding="UTF-8"?>
<!DOCTYPE sqlMap PUBLIC "-//iBATIS.com//DTD SQL Map 2.0//EN" "http://ibatis.apache.org/dtd/sql-map-2.dtd">
<sqlMap namespace="bsc.matrix.matrixGrp">

	<!--
	==================================================================   
	  # 설명	: typeAlias 선언
	  #	기능	: SETTING
	  #	TABLE	: BSC_MAT_EVAL_GRP
	==================================================================
	-->
	<typeAlias alias="hashMap" 			type="java.util.HashMap" />
	 

	<!--
	==================================================================   
	  # 설명	: 평가단 목록 보기
	  #	기능	: SELECT
	  #	TABLE	: BSC_MAT_EVAL_USER_GRP
	==================================================================
	-->
	<select id="getList" parameterClass="hashMap" resultClass="hashMap">
		SELECT A.YEAR,
               A.EVAL_USER_GRP_ID,
               A.EVAL_USER_GRP_NM,
               A.CONTENT,
               A.EVAL_CLOSING_YN,  
               A.SORT_ORDER,
               (SELECT COUNT(1)
                    FROM BSC_MAT_EVAL_USER B
                   WHERE A.YEAR=B.YEAR
                      AND  A.EVAL_USER_GRP_ID=B.EVAL_USER_GRP_ID) USER_CNT,
                (SELECT COUNT(1)
                    FROM BSC_MAT_EVAL_MAPPING B
                   WHERE A.YEAR=B.YEAR
                      AND  A.EVAL_USER_GRP_ID=B.EVAL_USER_GRP_ID) MEMB_CNT,
                 (SELECT COUNT(1)
                     FROM BSC_MAT_EVAL_USER D
                    WHERE A.YEAR=D.YEAR
                        AND  A.EVAL_USER_GRP_ID=D.EVAL_USER_GRP_ID
                        AND D.EVAL_SUBMIT_YN='Y') SUBMIT_CNT                                   
          FROM BSC_MAT_EVAL_USER_GRP A
         WHERE A.YEAR =  #findYear#
         ORDER BY A.SORT_ORDER    
	</select>
	
	<!--
	==================================================================   
	  # 설명	: 평가단 상세 보기
	  #	기능	: SELECT
	  #	TABLE	: BSC_MAT_EVAL_USER_GRP
	==================================================================
	-->
	<select id="getDetail" parameterClass="hashMap" resultClass="hashMap">
		SELECT YEAR                  
			 , EVAL_USER_GRP_ID      
			 , EVAL_USER_GRP_NM      
			 , EVAL_CLOSING_YN       
			 , CONTENT               
			 , SORT_ORDER            
		  FROM BSC_MAT_EVAL_USER_GRP 
		 WHERE YEAR = #year#
		   AND EVAL_USER_GRP_ID = #evalUserGrpId#	      
	</select>
	
	<!--
	==================================================================   
	  # 설명	: 사용자그룹 매핑 목록 보기
	  #	기능	: SELECT
	  #	TABLE	: 
	==================================================================
	-->
	<select id="getUserList" parameterClass="hashMap" resultClass="hashMap">
        SELECT
               A.EVAL_USER_ID USER_ID
             , B.USER_NM
             , B.DEPT_ID
             , C.DEPT_F_NM DEPT_NM 
             , B.JIKGUB_CD
             , B.JIKGUB_NM
             , B.POS_CD
             , B.POS_NM   
          FROM BSC_MAT_EVAL_USER A        
               LEFT OUTER JOIN V_ROLE_USER B ON A.EVAL_USER_ID = B.USER_ID         
               LEFT OUTER JOIN V_DEPTINFO C ON B.DEPT_ID = C.DEPT_ID   
         WHERE A.YEAR =#year# 
         AND A.EVAL_USER_GRP_ID = #evalUserGrpId#
         ORDER BY B.USER_NM
   </select>
	
	<!--
	==================================================================   
	  # 설명	: 평가단 등록
	  #	기능	: INSERT
	  #	TABLE	: BSC_MAT_EVAL_USER_GRP
	==================================================================
	-->	
	<insert id="insertData" parameterClass="hashMap">
		<selectKey resultClass="java.lang.String" keyProperty="SEQ" >
			SELECT 'MAT'||LPAD(NVL(MAX(SUBSTR(EVAL_USER_GRP_ID,4,6)),0)+1,4,'0') SEQ FROM BSC_MAT_EVAL_USER_GRP
		</selectKey>
		INSERT INTO BSC_MAT_EVAL_USER_GRP ( 
			   YEAR
			 , EVAL_USER_GRP_ID
			 , EVAL_USER_GRP_NM
			 , EVAL_CLOSING_YN
			 , CONTENT
			 , SORT_ORDER
			 , CREATE_DT
			 ) VALUES ( 
			   #year#
			 , #SEQ#
			 , #evalUserGrpNm#
			 , 'N'
			 , #content#
			 , #sortOrder#
			 , SYSDATE
			 )
	</insert>	
	
	<!--
	==================================================================   
	  # 설명	: 평가단 수정
	  #	기능	: UPDATE
	  #	TABLE	: BSC_MAT_EVAL_USER_GRP
	==================================================================
	-->	
	<update id="updateData" parameterClass="hashMap">
		UPDATE BSC_MAT_EVAL_USER_GRP 
		   SET EVAL_USER_GRP_NM       = #evalUserGrpNm# 
			 , CONTENT                = #content# 
			 , SORT_ORDER             = #sortOrder# 
			 , MODIFY_DT              = SYSDATE 
		 WHERE YEAR = #year#
		   AND EVAL_USER_GRP_ID = #evalUserGrpId#		
	</update>	
	

	<!--
	==================================================================   
	  # 설명	: 평가단 삭제
	  #	기능	: UPDATE
	  #	TABLE	: BSC_MAT_EVAL_USER_GRP
	==================================================================
	-->	
	<update id="deleteData" parameterClass="hashMap">
		DELETE FROM BSC_MAT_EVAL_USER_GRP
		WHERE YEAR = #year# 
		AND EVAL_USER_GRP_ID = #evalUserGrpId#
	</update>
	
	<!--
	==================================================================   
	  # 설명	: 평가단-평가자 매핑 삭제
	  #	기능	: UPDATE
	  #	TABLE	: BSC_MAT_EVAL_USER
	==================================================================
	-->	
	<update id="deleteUserData" parameterClass="hashMap">
		DELETE FROM BSC_MAT_EVAL_USER 
		 WHERE YEAR = #year#
		   AND EVAL_USER_GRP_ID = #evalUserGrpId#
	</update>
	
	<!--
	==================================================================   
	  # 설명	: 평가단-평가자 매핑 등록
	  #	기능	: INSERT
	  #	TABLE	: BSC_MAT_EVAL_USER
	==================================================================
	-->	
	<insert id="insertUserData" parameterClass="hashMap">
		INSERT INTO BSC_MAT_EVAL_USER ( 
			   YEAR
			 , EVAL_USER_GRP_ID
			 , EVAL_USER_ID
			 , EVAL_SUBMIT_YN
			 , CREATE_DT
			 ) VALUES ( 
			   #year#
			 , #evalUserGrpId#
			 , #evalUserId#
			 , 'N'
			 , SYSDATE
			 )
	</insert>	
	
	<!--
	==================================================================   
	  # 설명	: 평가단-평가 삭제
	  #	기능	: UPDATE
	  #	TABLE	: BSC_MAT_EVAL
	==================================================================
	-->	
	<update id="deleteEvalData" parameterClass="hashMap">
		DELETE FROM BSC_MAT_EVAL
         WHERE YEAR=#year#
           AND EVAL_USER_GRP_ID=#evalUserGrpId#
           AND EVAL_USER_ID NOT IN(
                 SELECT EVAL_USER_ID
                   FROM BSC_MAT_EVAL_USER
                  WHERE YEAR=#year#
                    AND EVAL_USER_GRP_ID=#evalUserGrpId#) 
	</update>
	
	<!--
	==================================================================   
	  # 설명	: 권한 삭제
	  #	기능	: DELETE
	  #	TABLE	: BSC_ADMIN
	==================================================================
	-->	
	<update id="deleteAdminData" parameterClass="hashMap">
		DELETE FROM BSC_ADMIN
         WHERE ADMIN_GUBUN='06'
	</update>
	
	<!--
	==================================================================   
	  # 설명	: 평가단-평가자 매핑 등록
	  #	기능	: INSERT
	  #	TABLE	: BSC_ADMIN
	==================================================================
	-->	
	<insert id="insertAdminData" parameterClass="hashMap">
		INSERT INTO BSC_ADMIN (ADMIN_GUBUN, USER_ID)
        SELECT DISTINCT '06', EVAL_USER_ID
          FROM BSC_MAT_EVAL_USER
	</insert>
	
</sqlMap>


