<?xml version="1.0" encoding="UTF-8"?>
<!DOCTYPE sqlMap PUBLIC "-//iBATIS.com//DTD SQL Map 2.0//EN" "http://ibatis.apache.org/dtd/sql-map-2.dtd">
<sqlMap namespace="bsc.system.entSupportActIso">

	<!--
	==================================================================
	  # 설명	: typeAlias 선언
	  #	기능	: SETTING
	  #	TABLE	:
	==================================================================
	-->
	<typeAlias alias="hashMap" 			type="java.util.HashMap" />

	<!--
	==================================================================   
	  # 설명	: 시스템 연계 부서 목록 보기
	  #	기능	: SELECT
	  #	TABLE	: 
	==================================================================
	-->
	<select id="getDeptInfo" parameterClass="hashMap" resultClass="hashMap">
		SELECT A.DEPT_ID
             , A.DEPT_NM
          FROM BSC_DEPTINFO A
         WHERE A.DEPT_ID  IN (SELECT DISTINCT DEPT_CD
                                FROM TABLE(BSC_SYSTEM_KGS.F_V_GHF0221D_LIST(#findYear#, #findMon#))
                                WHERE ROLE_TC = '10' AND INSP_KIND_TC = '01'
			                    AND STIC_LAG_TC IN ('35', '36', '37')        
			                    AND DEPT_CD = '3L00')
	</select>

	<!--
	==================================================================
	  # 설명	: 시스템항목관리 목록 보기
	  #	기능	: SELECT
	  #	TABLE	: BSC_SYSTEM_ITEM
	==================================================================
	-->
	<select id="getList" parameterClass="hashMap" resultClass="hashMap">
		SELECT
			A.YEAR
			, A.MON
			, A.DEPT_CD
			, B.DEPT_NM
			, A.RPT_TC_NM
			, A.ROLE_TC_NM
			, A.INSP_KIND_TC_NM
			, A.LAW_TC_NM
			, A.STIC_LAG_TC_NM
			, A.STIC_MID_TC_NM
			, A.INSP_QTY
		FROM TABLE (BSC_SYSTEM_KGS.F_V_GHF0221D_LIST(#findYear#, #findMon#)) A
		LEFT OUTER JOIN BSC_DEPTINFO B
			ON A.DEPT_CD = B.DEPT_ID
		WHERE 1= 1
			AND YEAR = #findYear#
			AND MON = #findMon#
			AND ROLE_TC = '10'
			AND INSP_KIND_TC = '01'
			AND STIC_LAG_TC IN ('35', '36', '37')
			AND DEPT_CD = '3L00'
		ORDER BY YEAR, MON, DEPT_CD
	</select>
	
	<!--
	==================================================================
	  # 설명	: 시스템 연계항목 정보를 가져옴
	  #	기능	: SELECT
	  #	TABLE	:
	==================================================================
	-->
	<select id="getItem" remapResults="true" parameterClass="hashMap" resultClass="hashMap">
          SELECT A.ITEM_CD, B.CAL_TYPE_COL_NM
            FROM BSC_SYSTEM_ITEM A
               , BSC_CAL_TYPE_COL B
           WHERE A.YEAR = #findYear#
             AND A.YEAR = B.YEAR
             AND A.ITEM_CD = B.ITEM_CD
             AND B.METRIC_ID = #findMetricId#
           ORDER BY B.CAL_TYPE_COL_NM
	</select>
	
	<!--
	==================================================================
	  # 설명	: 부서조회
	  #	기능	: SELECT
	  #	TABLE	: BSC_DEPTINFO
	==================================================================
	-->
	<select id="getDept" parameterClass="hashMap" resultClass="hashMap">
		SELECT A.DEPT_ID
          FROM BSC_DEPTINFO A
          LEFT OUTER JOIN BSC_SC_DEPT_MAPPING B
          ON A.DEPT_ID = B.DEPT_ID
          WHERE B.YEAR = #findYear#
          <isNotEmpty prepend="AND" property="findScDeptCd">
          	B.SC_DEPT_ID = #findScDeptCd#
          </isNotEmpty>
          <isEmpty prepend="AND" property="findScDeptCd">
            B.DEPT_ID = #findDeptId#
          </isEmpty>
	</select>

</sqlMap>


