<?xml version="1.0" encoding="UTF-8"?>
<!DOCTYPE sqlMap PUBLIC "-//iBATIS.com//DTD SQL Map 2.0//EN" "http://ibatis.apache.org/dtd/sql-map-2.dtd">
<sqlMap namespace="bsc.ahp.ahpGrp">

	<!--
	==================================================================   
	  # 설명	: typeAlias 선언
	  #	기능	: SETTING
	  #	TABLE	: BSC_AHP_EVAL_USER_GRP 
	==================================================================
	-->
	<typeAlias alias="hashMap" 			type="java.util.HashMap" />
	 

	<!--
	==================================================================   
	  # 설명	: AHP 평가단 목록 보기
	  #	기능	: SELECT
	  #	TABLE	: BSC_AHP_EVAL_USER_GRP 
	==================================================================
	-->
	<select id="getList" parameterClass="hashMap" resultClass="hashMap">
		SELECT A.YEAR
		     , A.EVAL_USER_GRP_ID
		     , A.EVAL_USER_GRP_NM
		     , A.CONTENT
		     , (SELECT COUNT(1) FROM BSC_AHP_EVAL_USER B WHERE B.YEAR = A.YEAR AND A.EVAL_USER_GRP_ID = B.EVAL_USER_GRP_ID) USER_CNT 
		     , (SELECT COUNT(1) FROM BSC_AHP_EVAL_MAPPING B WHERE B.YEAR = A.YEAR AND A.EVAL_USER_GRP_ID = B.EVAL_USER_GRP_ID) MEM_CNT
		     , A.SORT_ORDER 
		FROM  BSC_AHP_EVAL_USER_GRP A 
		WHERE A.YEAR = #findYear#
		ORDER BY A.SORT_ORDER
	</select>
	
	<!--
	==================================================================   
	  # 설명	: AHP 평가단 상세 보기
	  #	기능	: SELECT
	  #	TABLE	: BSC_AHP_EVAL_USER_GRP 
	==================================================================
	-->
	<select id="getDetail" parameterClass="hashMap" resultClass="hashMap">
		SELECT YEAR                  
			 , EVAL_USER_GRP_ID      
			 , EVAL_USER_GRP_NM      
			 , CONTENT              
			 , SORT_ORDER            
		  FROM BSC_AHP_EVAL_USER_GRP  
		 WHERE 1 = 1 
		   AND YEAR = #year#
		   AND EVAL_USER_GRP_ID = #evalUserGrpId#	      
	</select>
	
	<!--
	==================================================================   
	  # 설명	: AHP 평가단 등록
	  #	기능	: INSERT
	  #	TABLE	: BSC_AHP_EVAL_USER_GRP 
	==================================================================
	-->	
	<insert id="insertData" parameterClass="hashMap">
		<selectKey resultClass="java.lang.String" keyProperty="SEQ" >
			SELECT F_PGM_SERI('BSC_AHP_EVAL_USER_GRP',#year# ,'','','','') SEQ FROM DUAL
		</selectKey>
		INSERT INTO BSC_AHP_EVAL_USER_GRP  ( 
			   YEAR
			 , EVAL_USER_GRP_ID
			 , EVAL_USER_GRP_NM
			 , CONTENT
			 , SORT_ORDER
			 , CREATE_DT
			 ) VALUES ( 
			   #year#
			 , #SEQ#
			 , #evalUserGrpNm#
			 , #content#
			 , #sortOrder#
			 , SYSDATE
			 )
	</insert>	
	
	<!--
	==================================================================   
	  # 설명	: AHP 평가단 수정
	  #	기능	: UPDATE
	  #	TABLE	: BSC_AHP_EVAL_USER_GRP 
	==================================================================
	-->	
	<update id="updateData" parameterClass="hashMap">
		UPDATE BSC_AHP_EVAL_USER_GRP  
		   SET EVAL_USER_GRP_NM       = #evalUserGrpNm# 
			 , CONTENT                = #content# 
			 , SORT_ORDER             = #sortOrder# 
			 , MODIFY_DT              = SYSDATE 
		 WHERE 1 = 1 
		   AND YEAR = #year#
		   AND EVAL_USER_GRP_ID = #evalUserGrpId#		
	</update>	
	

	<!--
	==================================================================   
	  # 설명	: AHP 평가단 삭제
	  #	기능	: UPDATE
	  #	TABLE	: BSC_AHP_EVAL_USER_GRP 
	==================================================================
	-->	
	<update id="deleteData" parameterClass="hashMap">
		DELETE FROM BSC_AHP_EVAL_USER_GRP  
		 WHERE 1 = 1 
		   AND YEAR = #year#
		   AND EVAL_USER_GRP_ID = #evalUserGrpId#
	</update>
	
	
</sqlMap>


